,Exp Date,Symbol,Contract Name,FFF_Price,52W High,52W High Date,52W Low,52W Low Date,52W %Chg,Date,MonthYear,M1_ImpliedRate
0,1988-10-31,ZQV88,30-Day Fed Funds October 1988 Futures,91.71,91.79,1988-10-06,91.69,1988-10-20,-0.04%,1988-10-31 00:00:00,1988-10,8.290000000000006
1,1988-11-30,ZQX88,30-Day Fed Funds November 1988 Futures,91.66,91.79,1988-10-14,91.55,1988-11-15,-0.04%,1988-11-30 00:00:00,1988-11,8.340000000000003
2,1988-12-30,ZQZ88,30-Day Fed Funds December 1988 Futures,91.2,91.54,1988-11-01,90.89,1988-11-29,-0.15%,1988-12-30 00:00:00,1988-12,8.799999999999997
3,1989-01-31,ZQF89,30-Day Fed Funds January 1989 Futures,90.88,91.59,1988-11-04,90.76,1988-12-16,-0.54%,1989-01-31 00:00:00,1989-01,9.120000000000005
4,1989-02-28,ZQG89,30-Day Fed Funds February 1989 Futures,90.63,91.75,1988-11-01,90.62,1989-02-28,-0.90%,1989-02-28 00:00:00,1989-02,9.370000000000005
5,1989-03-31,ZQH89,30-Day Fed Funds March 1989 Futures,90.14,91.76,1988-11-01,90.01,1989-02-27,-1.42%,1989-03-31 00:00:00,1989-03,9.86
6,1989-04-28,ZQJ89,30-Day Fed Funds April 1989 Futures,90.16,91.69,1988-11-03,89.57,1989-03-20,-1.67%,1989-04-28 00:00:00,1989-04,9.840000000000003
7,1989-05-31,ZQK89,30-Day Fed Funds May 1989 Futures,90.2,91.1,1988-12-07,89.37,1989-03-20,-0.82%,1989-05-31 00:00:00,1989-05,9.799999999999997
8,1989-06-30,ZQM89,30-Day Fed Funds June 1989 Futures,90.46,91.75,1988-11-01,89.2,1989-03-20,-1.02%,1989-06-30 00:00:00,1989-06,9.540000000000006
9,1989-07-31,ZQN89,30-Day Fed Funds July 1989 Futures,90.77,90.8,1989-06-09,89.18,1989-03-21,0.02%,1989-07-31 00:00:00,1989-07,9.230000000000004
10,1989-08-31,ZQQ89,30-Day Fed Funds August 1989 Futures,91.01,91.32,1989-08-01,89.15,1989-03-21,1.32%,1989-08-31 00:00:00,1989-08,8.989999999999995
11,1989-09-29,ZQU89,30-Day Fed Funds September 1989 Futures,90.97,91.66,1989-08-01,89.13,1989-03-21,1.26%,1989-09-29 00:00:00,1989-09,9.030000000000001
12,1989-10-31,ZQV89,30-Day Fed Funds October 1989 Futures,91.16,91.91,1989-08-01,90.1,1989-05-01,0.95%,1989-10-31 00:00:00,1989-10,8.840000000000003
13,1989-11-30,ZQX89,30-Day Fed Funds November 1989 Futures,91.45,92.0,1989-08-02,91.04,1989-09-29,0.18%,1989-11-30 00:00:00,1989-11,8.549999999999997
14,1989-12-29,ZQZ89,30-Day Fed Funds December 1989 Futures,91.45,92.02,1989-08-03,91.02,1989-09-29,0.05%,1989-12-29 00:00:00,1989-12,8.549999999999997
15,1990-01-31,ZQF90,30-Day Fed Funds January 1990 Futures,91.77,91.97,1989-10-16,91.2,1989-09-29,0.27%,1990-01-31 00:00:00,1990-01,8.230000000000004
16,1990-02-28,ZQG90,30-Day Fed Funds February 1990 Futures,91.77,92.08,1989-11-24,91.32,1989-10-04,0.49%,1990-02-28 00:00:00,1990-02,8.230000000000004
17,1990-03-30,ZQH90,30-Day Fed Funds March 1990 Futures,91.72,92.17,1989-11-24,91.3,1989-10-02,0.15%,1990-03-30 00:00:00,1990-03,8.280000000000001
18,1990-04-30,ZQJ90,30-Day Fed Funds April 1990 Futures,91.74,92.2,1989-11-24,91.63,1990-03-13,-0.25%,1990-04-30 00:00:00,1990-04,8.260000000000005
19,1990-05-31,ZQK90,30-Day Fed Funds May 1990 Futures,91.82,92.12,1990-01-05,91.59,1990-03-13,-0.29%,1990-05-31 00:00:00,1990-05,8.180000000000007
20,1990-06-29,ZQM90,30-Day Fed Funds June 1990 Futures,91.72,92.12,1990-01-12,91.44,1990-05-02,-0.42%,1990-06-29 00:00:00,1990-06,8.280000000000001
21,1990-07-31,ZQN90,30-Day Fed Funds July 1990 Futures,91.85,92.21,1990-01-04,91.34,1990-05-02,-0.38%,1990-07-31 00:00:00,1990-07,8.150000000000006
22,1990-08-31,ZQQ90,30-Day Fed Funds August 1990 Futures,91.87,92.11,1990-08-06,91.26,1990-05-02,0.39%,1990-08-31 00:00:00,1990-08,8.129999999999995
23,1990-09-28,ZQU90,30-Day Fed Funds September 1990 Futures,91.81,92.31,1990-08-06,91.2,1990-05-02,0.07%,1990-09-28 00:00:00,1990-09,8.189999999999998
24,1990-10-31,ZQV90,30-Day Fed Funds October 1990 Futures,91.93,92.33,1990-08-03,91.85,1990-07-10,-0.02%,1990-10-31 00:00:00,1990-10,8.069999999999993
25,1990-11-30,ZQX90,30-Day Fed Funds November 1990 Futures,92.19,92.36,1990-08-06,91.86,1990-07-10,0.29%,1990-11-30 00:00:00,1990-11,7.810000000000002
26,1990-12-31,ZQZ90,30-Day Fed Funds December 1990 Futures,92.64,92.64,1990-12-31,91.82,1990-07-10,0.85%,1990-12-31 00:00:00,1990-12,7.359999999999999
27,1991-01-31,ZQF91,30-Day Fed Funds January 1991 Futures,93.09,93.47,1991-01-22,92.03,1990-08-24,0.97%,1991-01-31 00:00:00,1991-01,6.909999999999997
28,1991-02-28,ZQG91,30-Day Fed Funds February 1991 Futures,93.77,93.81,1991-02-19,92.16,1990-09-26,1.68%,1991-02-28 00:00:00,1991-02,6.230000000000004
29,1991-03-28,ZQH91,30-Day Fed Funds March 1991 Futures,93.81,93.85,1991-03-18,92.4,1990-10-26,1.53%,1991-03-28 00:00:00,1991-03,6.189999999999998
30,1991-04-30,ZQJ91,30-Day Fed Funds April 1991 Futures,94.09,94.14,1991-04-15,92.7,1990-11-27,1.48%,1991-04-30 00:00:00,1991-04,5.909999999999997
31,1991-05-31,ZQK91,30-Day Fed Funds May 1991 Futures,94.22,94.23,1991-05-30,92.71,1990-11-28,1.63%,1991-05-31 00:00:00,1991-05,5.780000000000001
32,1991-06-28,ZQM91,30-Day Fed Funds June 1991 Futures,94.2,94.26,1991-05-30,93.03,1990-12-18,1.20%,1991-06-28 00:00:00,1991-06,5.799999999999997
33,1991-07-31,ZQN91,30-Day Fed Funds July 1991 Futures,94.18,94.28,1991-05-28,93.65,1991-03-06,0.41%,1991-07-31 00:00:00,1991-07,5.819999999999993
34,1991-08-30,ZQQ91,30-Day Fed Funds August 1991 Futures,94.34,94.4,1991-08-19,93.58,1991-03-06,0.55%,1991-08-30 00:00:00,1991-08,5.659999999999997
35,1991-09-30,ZQU91,30-Day Fed Funds September 1991 Futures,94.56,94.64,1991-08-19,93.4,1991-01-16,1.19%,1991-09-30 00:00:00,1991-09,5.439999999999998
36,1991-10-31,ZQV91,30-Day Fed Funds October 1991 Futures,94.79,94.86,1991-10-14,93.69,1991-04-04,1.17%,1991-10-31 00:00:00,1991-10,5.209999999999994
37,1991-11-29,ZQX91,30-Day Fed Funds November 1991 Futures,95.18,95.19,1991-11-29,93.7,1991-06-13,1.36%,1991-11-29 00:00:00,1991-11,4.819999999999993
38,1991-12-31,ZQZ91,30-Day Fed Funds December 1991 Futures,95.55,95.56,1991-12-31,93.35,1991-03-26,1.87%,1991-12-31 00:00:00,1991-12,4.450000000000003
39,1992-01-31,ZQF92,30-Day Fed Funds January 1992 Futures,95.97,96.05,1992-01-08,93.51,1991-07-05,2.62%,1992-01-31 00:00:00,1992-01,4.030000000000001
40,1992-02-28,ZQG92,30-Day Fed Funds February 1992 Futures,95.95,96.16,1992-01-08,93.8,1991-08-01,2.29%,1992-02-28 00:00:00,1992-02,4.049999999999997
41,1992-03-31,ZQH92,30-Day Fed Funds March 1992 Futures,96.0,96.21,1992-02-07,94.25,1991-08-14,1.86%,1992-03-31 00:00:00,1992-03,4.0
42,1992-04-30,ZQJ92,30-Day Fed Funds April 1992 Futures,96.26,96.26,1992-04-30,94.69,1991-10-23,1.65%,1992-04-30 00:00:00,1992-04,3.739999999999995
43,1992-05-29,ZQK92,30-Day Fed Funds May 1992 Futures,96.18,96.35,1992-05-08,94.5,1991-09-23,1.78%,1992-05-29 00:00:00,1992-05,3.819999999999993
44,1992-06-30,ZQM92,30-Day Fed Funds June 1992 Futures,96.26,96.39,1992-05-20,94.45,1991-09-20,1.92%,1992-06-30 00:00:00,1992-06,3.739999999999995
45,1992-07-31,ZQN92,30-Day Fed Funds July 1992 Futures,96.75,96.75,1992-07-31,95.57,1992-03-13,0.78%,1992-07-31 00:00:00,1992-07,3.25
46,1992-08-31,ZQQ92,30-Day Fed Funds August 1992 Futures,96.69,96.8,1992-07-20,95.41,1992-03-13,0.77%,1992-08-31 00:00:00,1992-08,3.3100000000000023
47,1992-09-30,ZQU92,30-Day Fed Funds September 1992 Futures,96.81,97.03,1992-09-04,95.27,1992-03-13,0.89%,1992-09-30 00:00:00,1992-09,3.1899999999999977
48,1992-10-30,ZQV92,30-Day Fed Funds October 1992 Futures,96.89,97.17,1992-10-01,95.1,1992-03-13,1.01%,1992-10-30 00:00:00,1992-10,3.1099999999999994
49,1992-11-30,ZQX92,30-Day Fed Funds November 1992 Futures,96.91,97.26,1992-10-05,94.9,1992-03-13,1.34%,1992-11-30 00:00:00,1992-11,3.0900000000000034
50,1992-12-31,ZQZ92,30-Day Fed Funds December 1992 Futures,97.05,97.22,1992-10-05,94.6,1992-03-13,2.27%,1992-12-31 00:00:00,1992-12,2.950000000000003
51,1993-01-29,ZQF93,30-Day Fed Funds January 1993 Futures,96.97,97.18,1992-10-05,95.34,1992-04-30,1.65%,1993-01-29 00:00:00,1993-01,3.030000000000001
52,1993-02-26,ZQG93,30-Day Fed Funds February 1993 Futures,96.97,97.27,1992-10-05,95.44,1992-06-04,1.33%,1993-02-26 00:00:00,1993-02,3.030000000000001
53,1993-03-31,ZQH93,30-Day Fed Funds March 1993 Futures,96.92,97.24,1992-10-05,96.44,1992-08-04,0.49%,1993-03-31 00:00:00,1993-03,3.0799999999999983
54,1993-04-30,ZQJ93,30-Day Fed Funds April 1993 Futures,97.05,97.16,1992-10-01,96.16,1992-07-06,0.93%,1993-04-30 00:00:00,1993-04,2.950000000000003
55,1993-05-28,ZQK93,30-Day Fed Funds May 1993 Futures,97.01,97.1,1992-10-06,96.33,1992-12-02,-0.04%,1993-05-28 00:00:00,1993-05,2.989999999999995
56,1993-06-30,ZQM93,30-Day Fed Funds June 1993 Futures,96.97,97.1,1992-10-05,96.2,1992-12-02,0.12%,1993-06-30 00:00:00,1993-06,3.030000000000001
57,1993-07-30,ZQN93,30-Day Fed Funds July 1993 Futures,96.94,97.05,1993-05-04,96.12,1992-12-04,0.57%,1993-07-30 00:00:00,1993-07,3.0600000000000023
58,1993-08-31,ZQQ93,30-Day Fed Funds August 1993 Futures,96.97,97.04,1993-05-04,96.04,1992-12-04,0.87%,1993-08-31 00:00:00,1993-08,3.030000000000001
59,1993-09-30,ZQU93,30-Day Fed Funds September 1993 Futures,96.92,97.0,1993-05-04,96.13,1993-01-07,0.76%,1993-09-30 00:00:00,1993-09,3.0799999999999983
60,1993-10-29,ZQV93,30-Day Fed Funds October 1993 Futures,97.01,97.01,1993-10-29,96.58,1993-06-08,0.29%,1993-10-29 00:00:00,1993-10,2.989999999999995
61,1993-11-30,ZQX93,30-Day Fed Funds November 1993 Futures,96.98,96.99,1993-11-26,96.49,1993-06-08,0.13%,1993-11-30 00:00:00,1993-11,3.019999999999996
62,1993-12-31,ZQZ93,30-Day Fed Funds December 1993 Futures,97.03,97.03,1993-12-31,96.37,1993-06-08,0.34%,1993-12-31 00:00:00,1993-12,2.969999999999999
63,1994-01-31,ZQF94,30-Day Fed Funds January 1994 Futures,96.96,96.98,1994-01-17,96.27,1993-06-10,0.55%,1994-01-31 00:00:00,1994-01,3.0400000000000063
64,1994-02-28,ZQG94,30-Day Fed Funds February 1994 Futures,96.76,96.96,1994-01-12,96.27,1993-06-08,0.34%,1994-02-28 00:00:00,1994-02,3.239999999999995
65,1994-03-31,ZQH94,30-Day Fed Funds March 1994 Futures,96.67,96.91,1994-01-28,96.34,1993-07-23,0.24%,1994-03-31 00:00:00,1994-03,3.3299999999999983
66,1994-04-29,ZQJ94,30-Day Fed Funds April 1994 Futures,96.44,96.87,1994-01-28,96.28,1994-04-04,-0.27%,1994-04-29 00:00:00,1994-04,3.5600000000000023
67,1994-05-31,ZQK94,30-Day Fed Funds May 1994 Futures,95.99,96.8,1994-01-28,95.88,1994-05-09,-0.65%,1994-05-31 00:00:00,1994-05,4.010000000000005
68,1994-06-30,ZQM94,30-Day Fed Funds June 1994 Futures,95.76,96.72,1994-01-28,95.54,1994-05-09,-0.87%,1994-06-30 00:00:00,1994-06,4.239999999999995
69,1994-07-29,ZQN94,30-Day Fed Funds July 1994 Futures,95.74,96.67,1994-01-12,95.25,1994-05-11,-0.66%,1994-07-29 00:00:00,1994-07,4.260000000000005
70,1994-08-31,ZQQ94,30-Day Fed Funds August 1994 Futures,95.51,96.58,1994-01-28,95.05,1994-05-10,-0.90%,1994-08-31 00:00:00,1994-08,4.489999999999995
71,1994-09-30,ZQU94,30-Day Fed Funds September 1994 Futures,95.26,96.44,1994-01-28,94.81,1994-05-10,-1.01%,1994-09-30 00:00:00,1994-09,4.739999999999995
72,1994-10-31,ZQV94,30-Day Fed Funds October 1994 Futures,95.24,95.63,1994-03-25,94.63,1994-05-12,-0.40%,1994-10-31 00:00:00,1994-10,4.760000000000005
73,1994-11-30,ZQX94,30-Day Fed Funds November 1994 Futures,94.7,95.52,1994-03-24,94.44,1994-05-11,-0.85%,1994-11-30 00:00:00,1994-11,5.299999999999997
74,1994-12-30,ZQZ94,30-Day Fed Funds December 1994 Futures,94.48,96.11,1994-01-28,94.16,1994-12-05,-1.51%,1994-12-30 00:00:00,1994-12,5.519999999999996
75,1995-01-31,ZQF95,30-Day Fed Funds January 1995 Futures,94.48,94.66,1994-09-06,93.93,1994-12-05,0.20%,1995-01-31 00:00:00,1995-01,5.519999999999996
76,1995-02-28,ZQG95,30-Day Fed Funds February 1995 Futures,94.08,94.59,1994-08-03,93.49,1994-12-14,-0.50%,1995-02-28 00:00:00,1995-02,5.920000000000002
77,1995-03-31,ZQH95,30-Day Fed Funds March 1995 Futures,94.02,94.44,1994-09-08,93.28,1994-12-13,-0.39%,1995-03-31 00:00:00,1995-03,5.980000000000004
78,1995-04-28,ZQJ95,30-Day Fed Funds April 1995 Futures,93.96,94.34,1994-09-06,92.96,1994-12-13,-0.31%,1995-04-28 00:00:00,1995-04,6.040000000000006
79,1995-05-31,ZQK95,30-Day Fed Funds May 1995 Futures,93.99,94.24,1994-09-06,92.68,1994-12-13,-0.13%,1995-05-31 00:00:00,1995-05,6.010000000000005
80,1995-06-30,ZQM95,30-Day Fed Funds June 1995 Futures,93.98,94.13,1995-06-02,92.5,1994-12-13,0.25%,1995-06-30 00:00:00,1995-06,6.019999999999996
81,1995-07-31,ZQN95,30-Day Fed Funds July 1995 Futures,94.14,94.3,1995-06-02,92.65,1995-01-12,1.61%,1995-07-31 00:00:00,1995-07,5.859999999999999
82,1995-08-31,ZQQ95,30-Day Fed Funds August 1995 Futures,94.27,94.4,1995-06-02,92.2,1994-12-13,2.05%,1995-08-31 00:00:00,1995-08,5.730000000000004
83,1995-09-29,ZQU95,30-Day Fed Funds September 1995 Futures,94.18,94.6,1995-06-02,93.29,1995-03-07,0.80%,1995-09-29 00:00:00,1995-09,5.819999999999993
84,1995-10-31,ZQV95,30-Day Fed Funds October 1995 Futures,94.245,94.68,1995-06-02,93.7,1995-05-01,0.52%,1995-10-31 00:00:00,1995-10,5.7549999999999955
85,1995-11-30,ZQX95,30-Day Fed Funds November 1995 Futures,94.205,94.75,1995-06-02,93.65,1995-04-28,0.45%,1995-11-30 00:00:00,1995-11,5.795000000000002
86,1995-12-29,ZQZ95,30-Day Fed Funds December 1995 Futures,94.32,94.6,1995-07-07,94.17,1995-06-09,0.03%,1995-12-29 00:00:00,1995-12,5.680000000000007
87,1996-01-31,ZQF96,30-Day Fed Funds January 1996 Futures,94.43,94.63,1995-06-22,94.3,1995-12-12,-0.21%,1996-01-31 00:00:00,1996-01,5.569999999999993
88,1996-02-29,ZQG96,30-Day Fed Funds February 1996 Futures,94.77,94.825,1996-02-27,94.33,1995-08-18,0.47%,1996-02-29 00:00:00,1996-02,5.230000000000004
89,1996-03-29,ZQH96,30-Day Fed Funds March 1996 Futures,94.68,94.79,1996-02-14,94.41,1995-09-28,0.11%,1996-03-29 00:00:00,1996-03,5.319999999999993
90,1996-04-30,ZQJ96,30-Day Fed Funds April 1996 Futures,94.775,94.98,1996-02-13,94.44,1995-09-28,0.18%,1996-04-30 00:00:00,1996-04,5.224999999999994
91,1996-05-31,ZQK96,30-Day Fed Funds May 1996 Futures,94.76,95.05,1996-02-13,94.4,1995-09-28,0.20%,1996-05-31 00:00:00,1996-05,5.239999999999995
92,1996-06-28,ZQM96,30-Day Fed Funds June 1996 Futures,94.695,95.2,1996-02-13,94.36,1995-09-28,0.15%,1996-06-28 00:00:00,1996-06,5.305000000000007
93,1996-07-31,ZQN96,30-Day Fed Funds July 1996 Futures,94.64,95.34,1996-02-13,94.575,1996-07-08,-0.05%,1996-07-31 00:00:00,1996-07,5.359999999999999
94,1996-08-30,ZQQ96,30-Day Fed Funds August 1996 Futures,94.775,95.39,1996-02-14,94.52,1996-07-08,-0.37%,1996-08-30 00:00:00,1996-08,5.224999999999994
95,1996-09-30,ZQU96,30-Day Fed Funds September 1996 Futures,94.705,95.43,1996-02-14,94.36,1996-07-08,-0.55%,1996-09-30 00:00:00,1996-09,5.295000000000002
96,1996-10-31,ZQV96,30-Day Fed Funds October 1996 Futures,94.75,95.52,1996-02-14,94.2,1996-07-05,-0.57%,1996-10-31 00:00:00,1996-10,5.25
97,1996-11-29,ZQX96,30-Day Fed Funds November 1996 Futures,94.67,95.54,1996-02-13,94.14,1996-07-08,-0.69%,1996-11-29 00:00:00,1996-11,5.329999999999998
98,1996-12-31,ZQZ96,30-Day Fed Funds December 1996 Futures,94.66,95.52,1996-02-14,94.0,1996-07-08,-0.62%,1996-12-31 00:00:00,1996-12,5.340000000000003
99,1997-01-31,ZQF97,30-Day Fed Funds January 1997 Futures,94.745,95.52,1996-02-14,93.9,1996-07-08,-0.63%,1997-01-31 00:00:00,1997-01,5.2549999999999955
100,1997-02-28,ZQG97,30-Day Fed Funds February 1997 Futures,94.82,94.82,1997-02-28,93.8,1996-07-08,0.66%,1997-02-28 00:00:00,1997-02,5.180000000000007
101,1997-03-31,ZQH97,30-Day Fed Funds March 1997 Futures,94.635,94.73,1997-02-24,93.68,1996-07-05,0.57%,1997-03-31 00:00:00,1997-03,5.364999999999995
102,1997-04-30,ZQJ97,30-Day Fed Funds April 1997 Futures,94.49,94.71,1997-02-19,93.56,1996-07-05,0.52%,1997-04-30 00:00:00,1997-04,5.510000000000005
103,1997-05-30,ZQK97,30-Day Fed Funds May 1997 Futures,94.49,94.7,1996-12-03,93.79,1996-09-05,0.54%,1997-05-30 00:00:00,1997-05,5.510000000000005
104,1997-06-30,ZQM97,30-Day Fed Funds June 1997 Futures,94.465,94.68,1996-12-03,94.29,1997-04-14,0.10%,1997-06-30 00:00:00,1997-06,5.534999999999997
105,1997-07-31,ZQN97,30-Day Fed Funds July 1997 Futures,94.485,94.65,1996-11-29,94.16,1997-04-14,0.19%,1997-07-31 00:00:00,1997-07,5.515000000000001
106,1997-08-29,ZQQ97,30-Day Fed Funds August 1997 Futures,94.465,94.62,1996-11-29,94.09,1997-04-14,-0.01%,1997-08-29 00:00:00,1997-08,5.534999999999997
107,1997-09-30,ZQU97,30-Day Fed Funds September 1997 Futures,94.45,94.53,1997-02-14,94.0,1997-04-14,0.08%,1997-09-30 00:00:00,1997-09,5.549999999999997
108,1997-10-31,ZQV97,30-Day Fed Funds October 1997 Futures,94.5,94.51,1997-10-20,93.89,1997-04-14,0.17%,1997-10-31 00:00:00,1997-10,5.5
109,1997-11-28,ZQX97,30-Day Fed Funds November 1997 Futures,94.455,94.48,1997-10-28,93.82,1997-04-14,0.33%,1997-11-28 00:00:00,1997-11,5.545000000000002
110,1997-12-31,ZQZ97,30-Day Fed Funds December 1997 Futures,94.49,94.5,1997-12-31,93.73,1997-04-14,0.46%,1997-12-31 00:00:00,1997-12,5.510000000000005
111,1998-01-30,ZQF98,30-Day Fed Funds January 1998 Futures,94.435,94.48,1998-01-09,93.65,1997-04-14,0.49%,1998-01-30 00:00:00,1998-01,5.564999999999998
112,1998-02-27,ZQG98,30-Day Fed Funds February 1998 Futures,94.5,94.63,1998-01-12,93.96,1997-06-05,0.57%,1998-02-27 00:00:00,1998-02,5.5
113,1998-03-26,ZQH98,30-Day Fed Funds March 1998 Futures,94.485,94.64,1998-01-12,93.82,1997-05-29,0.69%,1998-03-26 00:00:00,1998-03,5.515000000000001
114,1998-04-30,ZQJ98,30-Day Fed Funds April 1998 Futures,94.555,94.74,1998-01-12,94.16,1997-09-11,0.37%,1998-04-30 00:00:00,1998-04,5.444999999999993
115,1998-05-29,ZQK98,30-Day Fed Funds May 1998 Futures,94.51,94.76,1998-01-12,94.15,1997-10-17,0.27%,1998-05-29 00:00:00,1998-05,5.489999999999995
116,1998-06-30,ZQM98,30-Day Fed Funds June 1998 Futures,94.48,94.77,1998-01-12,94.11,1997-10-21,0.28%,1998-06-30 00:00:00,1998-06,5.519999999999996
117,1998-07-31,ZQN98,30-Day Fed Funds July 1998 Futures,94.46,94.8,1998-01-09,94.2,1997-12-08,0.16%,1998-07-31 00:00:00,1998-07,5.540000000000006
118,1998-08-31,ZQQ98,30-Day Fed Funds August 1998 Futures,94.46,94.83,1998-01-09,94.2,1997-12-08,0.13%,1998-08-31 00:00:00,1998-08,5.540000000000006
119,1998-09-30,ZQU98,30-Day Fed Funds September 1998 Futures,94.495,94.81,1998-01-09,94.3,1998-04-27,0.11%,1998-09-30 00:00:00,1998-09,5.5049999999999955
120,1998-10-30,ZQV98,30-Day Fed Funds October 1998 Futures,94.92,94.965,1998-10-26,94.31,1998-04-27,0.42%,1998-10-30 00:00:00,1998-10,5.079999999999998
121,1998-11-30,ZQX98,30-Day Fed Funds November 1998 Futures,95.165,95.185,1998-11-24,94.27,1998-04-27,0.64%,1998-11-30 00:00:00,1998-11,4.834999999999994
122,1998-12-31,ZQZ98,30-Day Fed Funds December 1998 Futures,95.285,95.34,1998-10-16,94.29,1998-04-29,0.79%,1998-12-31 00:00:00,1998-12,4.715000000000003
123,1999-01-29,ZQF99,30-Day Fed Funds January 1999 Futures,95.365,95.4,1998-10-16,94.25,1998-04-29,0.95%,1999-01-29 00:00:00,1999-01,4.635000000000005
124,1999-02-26,ZQG99,30-Day Fed Funds February 1999 Futures,95.235,95.71,1998-10-16,94.28,1998-04-29,0.71%,1999-02-26 00:00:00,1999-02,4.765000000000001
125,1999-03-31,ZQH99,30-Day Fed Funds March 1999 Futures,95.19,95.78,1998-10-19,94.38,1998-06-09,0.79%,1999-03-31 00:00:00,1999-03,4.810000000000002
126,1999-04-30,ZQJ99,30-Day Fed Funds April 1999 Futures,95.265,95.8,1998-10-19,94.43,1998-06-17,0.82%,1999-04-30 00:00:00,1999-04,4.734999999999999
127,1999-05-28,ZQK99,30-Day Fed Funds May 1999 Futures,95.225,95.82,1998-10-20,94.61,1998-08-19,0.65%,1999-05-28 00:00:00,1999-05,4.775000000000006
128,1999-06-30,ZQM99,30-Day Fed Funds June 1999 Futures,95.23,95.82,1998-10-20,95.1,1999-03-01,0.12%,1999-06-30 00:00:00,1999-06,4.769999999999996
129,1999-07-30,ZQN99,30-Day Fed Funds July 1999 Futures,95.0,95.44,1999-01-14,94.92,1999-06-30,-0.33%,1999-07-30 00:00:00,1999-07,5.0
130,1999-08-31,ZQQ99,30-Day Fed Funds August 1999 Futures,94.93,95.44,1999-01-14,94.86,1999-06-30,-0.44%,1999-08-31 00:00:00,1999-08,5.069999999999993
131,1999-09-30,ZQU99,30-Day Fed Funds September 1999 Futures,94.78,95.44,1999-01-14,94.72,1999-08-31,-0.60%,1999-09-30 00:00:00,1999-09,5.219999999999999
132,1999-10-29,ZQV99,30-Day Fed Funds October 1999 Futures,94.795,95.44,1999-01-14,94.62,1999-08-31,-0.60%,1999-10-29 00:00:00,1999-10,5.204999999999998
133,1999-11-30,ZQX99,30-Day Fed Funds November 1999 Futures,94.58,95.14,1999-04-29,94.565,1999-11-26,-0.41%,1999-11-30 00:00:00,1999-11,5.420000000000002
134,1999-12-31,ZQZ99,30-Day Fed Funds December 1999 Futures,94.69,95.5,1999-01-22,94.49,1999-11-17,-0.71%,1999-12-31 00:00:00,1999-12,5.310000000000002
135,2000-01-31,ZQF00,30-Day Fed Funds January 2000 Futures,94.555,95.15,1999-04-29,94.4,1999-06-30,-0.58%,2000-01-31 00:00:00,2000-01,5.444999999999993
136,2000-02-29,ZQG00,30-Day Fed Funds February 2000 Futures,94.265,94.75,1999-07-21,94.17,2000-02-02,-0.39%,2000-02-29 00:00:00,2000-02,5.734999999999999
137,2000-03-31,ZQH00,30-Day Fed Funds March 2000 Futures,94.14,94.52,1999-09-28,94.075,2000-02-02,-0.32%,2000-03-31 00:00:00,2000-03,5.859999999999999
138,2000-04-28,ZQJ00,30-Day Fed Funds April 2000 Futures,93.98,94.475,1999-09-24,93.91,2000-02-02,-0.44%,2000-04-28 00:00:00,2000-04,6.019999999999996
139,2000-05-31,ZQK00,30-Day Fed Funds May 2000 Futures,93.74,94.2,1999-11-22,93.735,2000-05-31,-0.47%,2000-05-31 00:00:00,2000-05,6.260000000000005
140,2000-06-30,ZQM00,30-Day Fed Funds June 2000 Futures,93.47,94.13,1999-11-22,93.465,2000-06-30,-0.68%,2000-06-30 00:00:00,2000-06,6.530000000000001
141,2000-07-31,ZQN00,30-Day Fed Funds July 2000 Futures,93.45,94.06,1999-11-22,93.18,2000-05-17,-0.63%,2000-07-31 00:00:00,2000-07,6.549999999999997
142,2000-08-31,ZQQ00,30-Day Fed Funds August 2000 Futures,93.505,93.73,2000-02-25,93.12,2000-05-17,-0.18%,2000-08-31 00:00:00,2000-08,6.4950000000000045
143,2000-09-29,ZQU00,30-Day Fed Funds September 2000 Futures,93.48,93.64,2000-02-25,92.98,2000-05-18,-0.10%,2000-09-29 00:00:00,2000-09,6.519999999999996
144,2000-10-31,ZQV00,30-Day Fed Funds October 2000 Futures,93.49,93.52,2000-04-04,92.88,2000-05-18,0.09%,2000-10-31 00:00:00,2000-10,6.510000000000005
145,2000-11-30,ZQX00,30-Day Fed Funds November 2000 Futures,93.485,93.515,2000-10-23,92.84,2000-05-18,0.14%,2000-11-30 00:00:00,2000-11,6.515000000000001
146,2000-12-29,ZQZ00,30-Day Fed Funds December 2000 Futures,93.49,93.55,2000-10-26,92.76,2000-05-18,0.25%,2000-12-29 00:00:00,2000-12,6.510000000000005
147,2001-01-31,ZQF01,30-Day Fed Funds January 2001 Futures,94.02,94.09,2001-01-05,92.665,2000-05-16,0.83%,2001-01-31 00:00:00,2001-01,5.980000000000004
148,2001-02-28,ZQG01,30-Day Fed Funds February 2001 Futures,94.51,94.59,2001-01-31,92.59,2000-05-17,1.62%,2001-02-28 00:00:00,2001-02,5.489999999999995
149,2001-03-30,ZQH01,30-Day Fed Funds March 2001 Futures,94.685,94.855,2001-02-28,93.14,2000-07-19,1.58%,2001-03-30 00:00:00,2001-03,5.314999999999998
150,2001-04-30,ZQJ01,30-Day Fed Funds April 2001 Futures,95.205,95.215,2001-04-26,93.14,2000-07-19,2.14%,2001-04-30 00:00:00,2001-04,4.795000000000002
151,2001-05-30,ZQK01,30-Day Fed Funds May 2001 Futures,95.79,95.795,2001-05-25,93.425,2000-12-05,2.53%,2001-05-30 00:00:00,2001-05,4.209999999999994
152,2001-06-29,ZQM01,30-Day Fed Funds June 2001 Futures,96.02,96.04,2001-06-22,93.425,2000-12-05,2.78%,2001-06-29 00:00:00,2001-06,3.980000000000004
153,2001-07-31,ZQN01,30-Day Fed Funds July 2001 Futures,96.235,96.4,2001-06-18,93.425,2000-12-05,3.01%,2001-07-31 00:00:00,2001-07,3.7650000000000006
154,2001-08-31,ZQQ01,30-Day Fed Funds August 2001 Futures,96.35,96.45,2001-06-25,93.425,2000-12-05,3.13%,2001-08-31 00:00:00,2001-08,3.6500000000000057
155,2001-09-28,ZQU01,30-Day Fed Funds September 2001 Futures,96.895,97.22,2001-09-20,93.425,2001-02-07,3.71%,2001-09-28 00:00:00,2001-09,3.105000000000004
156,2001-10-31,ZQV01,30-Day Fed Funds October 2001 Futures,97.52,97.56,2001-09-20,93.425,2001-02-07,4.38%,2001-10-31 00:00:00,2001-10,2.480000000000004
157,2001-11-30,ZQX01,30-Day Fed Funds November 2001 Futures,97.905,97.92,2001-11-07,93.425,2001-04-26,4.80%,2001-11-30 00:00:00,2001-11,2.094999999999999
158,2001-12-31,ZQZ01,30-Day Fed Funds December 2001 Futures,98.18,98.205,2001-12-10,93.425,2001-04-26,5.09%,2001-12-31 00:00:00,2001-12,1.8199999999999932
159,2002-01-31,ZQF02,30-Day Fed Funds January 2002 Futures,98.27,98.3,2002-01-18,95.77,2001-04-30,2.54%,2002-01-31 00:00:00,2002-01,1.730000000000004
160,2002-02-28,ZQG02,30-Day Fed Funds February 2002 Futures,98.255,98.44,2002-01-14,93.425,2001-06-06,5.17%,2002-02-28 00:00:00,2002-02,1.7450000000000045
161,2002-03-28,ZQH02,30-Day Fed Funds March 2002 Futures,98.255,98.44,2002-01-14,93.425,2001-06-04,5.17%,2002-03-28 00:00:00,2002-03,1.7450000000000045
162,2002-04-30,ZQJ02,30-Day Fed Funds April 2002 Futures,98.25,98.43,2002-01-16,93.425,2001-06-04,5.16%,2002-04-30 00:00:00,2002-04,1.75
163,2002-05-31,ZQK02,30-Day Fed Funds May 2002 Futures,98.25,98.385,2002-01-16,93.425,2001-08-30,5.16%,2002-05-31 00:00:00,2002-05,1.75
164,2002-06-28,ZQM02,30-Day Fed Funds June 2002 Futures,98.24,98.33,2002-01-14,93.425,2001-08-30,5.15%,2002-06-28 00:00:00,2002-06,1.7600000000000051
165,2002-07-31,ZQN02,30-Day Fed Funds July 2002 Futures,98.27,99.22,2002-05-31,93.425,2001-10-29,5.19%,2002-07-31 00:00:00,2002-07,1.730000000000004
166,2002-08-30,ZQQ02,30-Day Fed Funds August 2002 Futures,98.26,98.34,2002-07-24,97.485,2002-03-25,0.52%,2002-08-30 00:00:00,2002-08,1.7399999999999949
167,2002-09-30,ZQU02,30-Day Fed Funds September 2002 Futures,98.25,98.39,2002-08-08,97.25,2002-03-25,0.67%,2002-09-30 00:00:00,2002-09,1.75
168,2002-10-31,ZQV02,30-Day Fed Funds October 2002 Futures,98.25,98.47,2002-08-08,93.425,2001-12-28,5.16%,2002-10-31 00:00:00,2002-10,1.75
169,2002-11-29,ZQX02,30-Day Fed Funds November 2002 Futures,98.66,98.665,2002-11-14,93.425,2002-02-05,5.60%,2002-11-29 00:00:00,2002-11,1.3400000000000034
170,2002-12-31,ZQZ02,30-Day Fed Funds December 2002 Futures,98.76,98.775,2002-11-20,93.425,2002-02-05,5.71%,2002-12-31 00:00:00,2002-12,1.2399999999999949
171,2003-01-31,ZQF03,30-Day Fed Funds January 2003 Futures,98.765,98.775,2002-11-14,93.425,2002-03-21,5.72%,2003-01-31 00:00:00,2003-01,1.2349999999999994
172,2003-02-28,ZQG03,30-Day Fed Funds February 2003 Futures,98.74,98.805,2002-11-13,93.425,2002-05-06,5.69%,2003-02-28 00:00:00,2003-02,1.2600000000000051
173,2003-03-31,ZQH03,30-Day Fed Funds March 2003 Futures,98.75,98.815,2003-01-27,93.425,2002-07-02,5.70%,2003-03-31 00:00:00,2003-03,1.25
174,2003-04-30,ZQJ03,30-Day Fed Funds April 2003 Futures,98.745,98.895,2003-03-11,93.425,2002-06-13,5.69%,2003-04-30 00:00:00,2003-04,1.2549999999999955
175,2003-05-30,ZQK03,30-Day Fed Funds May 2003 Futures,98.745,98.99,2003-03-11,98.075,2002-09-11,0.48%,2003-05-30 00:00:00,2003-05,1.2549999999999955
176,2003-06-30,ZQM03,30-Day Fed Funds June 2003 Futures,98.785,99.01,2003-03-11,98.4,2002-10-25,0.39%,2003-06-30 00:00:00,2003-06,1.2150000000000034
177,2003-07-31,ZQN03,30-Day Fed Funds July 2003 Futures,98.99,99.185,2003-06-19,98.41,2002-11-27,0.39%,2003-07-31 00:00:00,2003-07,1.0100000000000051
178,2003-08-29,ZQQ03,30-Day Fed Funds August 2003 Futures,98.97,99.2,2003-06-19,98.32,2002-11-27,0.39%,2003-08-29 00:00:00,2003-08,1.0300000000000011
179,2003-09-30,ZQU03,30-Day Fed Funds September 2003 Futures,98.99,99.21,2003-06-19,98.22,2002-11-27,0.54%,2003-09-30 00:00:00,2003-09,1.0100000000000051
180,2003-10-31,ZQV03,30-Day Fed Funds October 2003 Futures,98.985,99.22,2003-06-19,98.71,2003-02-05,0.28%,2003-10-31 00:00:00,2003-10,1.0150000000000006
181,2003-11-28,ZQX03,30-Day Fed Funds November 2003 Futures,98.995,99.22,2003-06-19,98.43,2003-01-06,0.55%,2003-11-28 00:00:00,2003-11,1.0049999999999955
182,2003-12-31,ZQZ03,30-Day Fed Funds December 2003 Futures,99.015,99.22,2003-06-13,98.525,2003-01-28,0.49%,2003-12-31 00:00:00,2003-12,0.9849999999999994
183,2004-01-30,ZQF04,30-Day Fed Funds January 2004 Futures,99.005,99.22,2003-06-13,98.52,2003-03-21,0.01%,2004-01-30 00:00:00,2004-01,0.9950000000000045
184,2004-02-27,ZQG04,30-Day Fed Funds February 2004 Futures,98.995,99.215,2003-06-13,98.645,2003-04-21,0.31%,2004-02-27 00:00:00,2004-02,1.0049999999999955
185,2004-03-31,ZQH04,30-Day Fed Funds March 2004 Futures,98.995,99.16,2003-06-13,98.765,2003-08-05,0.10%,2004-03-31 00:00:00,2004-03,1.0049999999999955
186,2004-04-30,ZQJ04,30-Day Fed Funds April 2004 Futures,98.995,99.145,2003-06-13,98.62,2003-08-01,0.15%,2004-04-30 00:00:00,2004-04,1.0049999999999955
187,2004-05-28,ZQK04,30-Day Fed Funds May 2004 Futures,98.99,99.085,2003-06-13,98.45,2003-08-05,0.16%,2004-05-28 00:00:00,2004-05,1.0100000000000051
188,2004-06-30,ZQM04,30-Day Fed Funds June 2004 Futures,98.975,99.0,2004-03-12,98.39,2003-08-05,0.17%,2004-06-30 00:00:00,2004-06,1.0250000000000057
189,2004-07-30,ZQN04,30-Day Fed Funds July 2004 Futures,98.74,98.98,2004-03-25,98.22,2003-08-21,0.14%,2004-07-30 00:00:00,2004-07,1.2600000000000051
190,2004-08-31,ZQQ04,30-Day Fed Funds August 2004 Futures,98.575,98.95,2004-03-25,98.21,2003-11-10,0.16%,2004-08-31 00:00:00,2004-08,1.4249999999999972
191,2004-09-30,ZQU04,30-Day Fed Funds September 2004 Futures,98.4,98.925,2004-03-24,98.05,2003-11-07,0.16%,2004-09-30 00:00:00,2004-09,1.5999999999999943
192,2004-10-29,ZQV04,30-Day Fed Funds October 2004 Futures,98.24,98.953,2004-01-07,97.96,2004-06-14,-0.08%,2004-10-29 00:00:00,2004-10,1.7600000000000051
193,2004-11-30,ZQX04,30-Day Fed Funds November 2004 Futures,98.07,98.953,2004-01-07,97.745,2004-06-14,-0.25%,2004-11-30 00:00:00,2004-11,1.9300000000000068
194,2004-12-31,ZQZ04,30-Day Fed Funds December 2004 Futures,97.84,98.953,2004-01-07,97.565,2004-06-14,-0.74%,2004-12-31 00:00:00,2004-12,2.1599999999999966
195,2005-01-31,ZQF05,30-Day Fed Funds January 2005 Futures,97.725,98.685,2004-03-24,97.465,2004-06-14,-1.23%,2005-01-31 00:00:00,2005-01,2.2750000000000057
196,2005-02-28,ZQG05,30-Day Fed Funds February 2005 Futures,97.5,98.6,2004-04-01,97.245,2004-06-14,-0.89%,2005-02-28 00:00:00,2005-02,2.5
197,2005-03-31,ZQH05,30-Day Fed Funds March 2005 Futures,97.375,98.6,2004-04-01,97.05,2004-06-14,-1.03%,2005-03-31 00:00:00,2005-03,2.625
198,2005-04-29,ZQJ05,30-Day Fed Funds April 2005 Futures,97.22,98.552,2004-06-18,96.895,2004-06-14,-0.77%,2005-04-29 00:00:00,2005-04,2.780000000000001
199,2005-05-31,ZQK05,30-Day Fed Funds May 2005 Futures,97.0,98.552,2004-06-18,96.895,2004-06-14,-0.61%,2005-05-31 00:00:00,2005-05,3.0
200,2005-06-30,ZQM05,30-Day Fed Funds June 2005 Futures,96.965,97.695,2004-09-21,96.875,2005-03-23,0.01%,2005-06-30 00:00:00,2005-06,3.0349999999999966
201,2005-07-29,ZQN05,30-Day Fed Funds July 2005 Futures,96.74,97.65,2004-09-20,96.595,2005-03-23,-0.23%,2005-07-29 00:00:00,2005-07,3.260000000000005
202,2005-08-31,ZQQ05,30-Day Fed Funds August 2005 Futures,96.505,96.965,2004-09-02,96.43,2005-03-23,-0.47%,2005-08-31 00:00:00,2005-08,3.4950000000000045
203,2005-09-30,ZQU05,30-Day Fed Funds September 2005 Futures,96.38,96.92,2004-10-01,96.3,2005-03-23,-0.56%,2005-09-30 00:00:00,2005-09,3.6200000000000045
204,2005-10-31,ZQV05,30-Day Fed Funds October 2005 Futures,96.225,96.905,2004-11-02,96.16,2005-03-23,-0.71%,2005-10-31 00:00:00,2005-10,3.7750000000000057
205,2005-11-30,ZQX05,30-Day Fed Funds November 2005 Futures,96.0,96.885,2004-12-06,95.99,2005-11-10,-0.92%,2005-11-30 00:00:00,2005-11,4.0
206,2005-12-30,ZQZ05,30-Day Fed Funds December 2005 Futures,95.85,96.82,2005-01-05,95.83,2005-11-04,-1.01%,2005-12-30 00:00:00,2005-12,4.150000000000006
207,2006-01-31,ZQF06,30-Day Fed Funds January 2006 Futures,95.72,96.49,2005-02-15,95.715,2006-01-31,-0.79%,2006-01-31 00:00:00,2006-01,4.280000000000001
208,2006-02-28,ZQG06,30-Day Fed Funds February 2006 Futures,95.505,96.33,2005-04-18,95.495,2006-02-16,-0.61%,2006-02-28 00:00:00,2006-02,4.4950000000000045
209,2006-03-31,ZQH06,30-Day Fed Funds March 2006 Futures,95.415,96.33,2005-04-19,95.41,2006-03-31,-0.71%,2006-03-31 00:00:00,2006-03,4.584999999999994
210,2006-04-28,ZQJ06,30-Day Fed Funds April 2006 Futures,95.21,96.22,2005-05-05,95.21,2006-04-28,-0.96%,2006-04-28 00:00:00,2006-04,4.790000000000006
211,2006-05-31,ZQK06,30-Day Fed Funds May 2006 Futures,95.055,96.115,2005-09-01,95.03,2006-05-05,-1.07%,2006-05-31 00:00:00,2006-05,4.944999999999993
212,2006-06-30,ZQM06,30-Day Fed Funds June 2006 Futures,94.995,96.14,2005-09-01,94.955,2006-06-20,-1.13%,2006-06-30 00:00:00,2006-06,5.0049999999999955
213,2006-07-31,ZQN06,30-Day Fed Funds July 2006 Futures,94.765,96.115,2005-09-01,94.71,2006-06-28,-1.08%,2006-07-31 00:00:00,2006-07,5.234999999999999
214,2006-08-31,ZQQ06,30-Day Fed Funds August 2006 Futures,94.755,96.115,2005-09-01,94.57,2006-06-23,-0.96%,2006-08-31 00:00:00,2006-08,5.2450000000000045
215,2006-09-29,ZQU06,30-Day Fed Funds September 2006 Futures,94.75,95.555,2005-09-30,94.5,2006-06-26,-0.91%,2006-09-29 00:00:00,2006-09,5.25
216,2006-10-31,ZQV06,30-Day Fed Funds October 2006 Futures,94.755,95.39,2006-01-04,94.445,2006-06-26,-0.54%,2006-10-31 00:00:00,2006-10,5.2450000000000045
217,2006-11-30,ZQX06,30-Day Fed Funds November 2006 Futures,94.755,95.4,2006-01-04,94.42,2006-06-26,-0.64%,2006-11-30 00:00:00,2006-11,5.2450000000000045
218,2006-12-29,ZQZ06,30-Day Fed Funds December 2006 Futures,94.765,95.41,2006-01-09,94.43,2006-07-05,-0.54%,2006-12-29 00:00:00,2006-12,5.234999999999999
219,2007-01-31,ZQF07,30-Day Fed Funds January 2007 Futures,94.755,95.2,2006-01-31,94.44,2006-06-28,-0.47%,2007-01-31 00:00:00,2007-01,5.2450000000000045
220,2007-02-28,ZQG07,30-Day Fed Funds February 2007 Futures,94.75,95.085,2006-03-16,94.445,2006-06-28,-0.27%,2007-02-28 00:00:00,2007-02,5.25
221,2007-03-30,ZQH07,30-Day Fed Funds March 2007 Futures,94.745,94.94,2006-03-29,94.455,2006-06-28,-0.19%,2007-03-30 00:00:00,2007-03,5.2549999999999955
222,2007-04-30,ZQJ07,30-Day Fed Funds April 2007 Futures,94.75,94.97,2006-10-05,94.455,2006-06-28,-0.16%,2007-04-30 00:00:00,2007-04,5.25
223,2007-05-31,ZQK07,30-Day Fed Funds May 2007 Futures,94.75,95.075,2006-12-01,94.455,2006-06-28,-0.05%,2007-05-31 00:00:00,2007-05,5.25
224,2007-06-29,ZQM07,30-Day Fed Funds June 2007 Futures,94.75,95.13,2006-12-01,94.465,2006-07-05,0.23%,2007-06-29 00:00:00,2007-06,5.25
225,2007-07-31,ZQN07,30-Day Fed Funds July 2007 Futures,94.745,95.25,2006-12-01,94.67,2006-08-14,0.02%,2007-07-31 00:00:00,2007-07,5.2549999999999955
226,2007-08-31,ZQQ07,30-Day Fed Funds August 2007 Futures,94.98,95.35,2006-12-01,94.745,2007-06-15,0.07%,2007-08-31 00:00:00,2007-08,5.019999999999996
227,2007-09-28,ZQU07,30-Day Fed Funds September 2007 Futures,95.025,95.41,2006-12-05,94.735,2007-06-13,-0.13%,2007-09-28 00:00:00,2007-09,4.974999999999994
228,2007-10-31,ZQV07,30-Day Fed Funds October 2007 Futures,95.25,95.45,2006-12-01,94.735,2007-06-15,0.17%,2007-10-31 00:00:00,2007-10,4.75
229,2007-11-30,ZQX07,30-Day Fed Funds November 2007 Futures,95.52,95.585,2007-11-08,94.725,2007-06-13,0.21%,2007-11-30 00:00:00,2007-11,4.480000000000004
230,2007-12-31,ZQZ07,30-Day Fed Funds December 2007 Futures,95.755,95.795,2007-11-30,94.715,2007-06-15,0.67%,2007-12-31 00:00:00,2007-12,4.2450000000000045
231,2008-01-31,ZQF08,30-Day Fed Funds January 2008 Futures,96.065,96.12,2008-01-23,94.725,2007-06-13,1.24%,2008-01-31 00:00:00,2008-01,3.9350000000000023
232,2008-02-29,ZQG08,30-Day Fed Funds February 2008 Futures,97.02,97.165,2008-01-23,94.73,2007-06-14,1.80%,2008-02-29 00:00:00,2008-02,2.980000000000004
233,2008-03-31,ZQH08,30-Day Fed Funds March 2008 Futures,97.395,97.515,2008-03-17,94.715,2007-06-14,2.17%,2008-03-31 00:00:00,2008-03,2.605000000000004
234,2008-04-30,ZQJ08,30-Day Fed Funds April 2008 Futures,97.73,98.075,2008-03-17,94.735,2007-06-14,2.59%,2008-04-30 00:00:00,2008-04,2.269999999999996
235,2008-05-30,ZQK08,30-Day Fed Funds May 2008 Futures,98.02,98.455,2008-03-17,94.735,2007-06-14,3.21%,2008-05-30 00:00:00,2008-05,1.980000000000004
236,2008-06-30,ZQM08,30-Day Fed Funds June 2008 Futures,98.005,98.49,2008-03-17,94.795,2007-07-09,3.24%,2008-06-30 00:00:00,2008-06,1.9950000000000045
237,2008-07-31,ZQN08,30-Day Fed Funds July 2008 Futures,97.99,98.61,2008-03-17,95.25,2007-07-31,2.89%,2008-07-31 00:00:00,2008-07,2.010000000000005
238,2008-08-29,ZQQ08,30-Day Fed Funds August 2008 Futures,97.99,98.66,2008-03-17,95.625,2007-10-15,2.47%,2008-08-29 00:00:00,2008-08,2.010000000000005
239,2008-09-30,ZQU08,30-Day Fed Funds September 2008 Futures,98.1925,98.68,2008-03-17,95.635,2007-10-15,2.45%,2008-09-30 00:00:00,2008-09,1.8075000000000045
240,2008-10-31,ZQV08,30-Day Fed Funds October 2008 Futures,99.0275,99.03,2008-10-31,95.88,2007-10-31,3.16%,2008-10-31 00:00:00,2008-10,0.9724999999999966
241,2008-11-28,ZQX08,30-Day Fed Funds November 2008 Futures,99.6025,99.68,2008-11-11,96.605,2007-12-10,3.07%,2008-11-28 00:00:00,2008-11,0.39749999999999375
242,2008-12-31,ZQZ08,30-Day Fed Funds December 2008 Futures,99.845,99.85,2008-12-16,96.81,2007-12-31,3.19%,2008-12-31 00:00:00,2008-12,0.15500000000000114
243,2009-01-30,ZQF09,30-Day Fed Funds January 2009 Futures,99.8425,99.8825,2009-01-14,97.06,2008-06-13,2.20%,2009-01-30 00:00:00,2009-01,0.15749999999999886
244,2009-02-27,ZQG09,30-Day Fed Funds February 2009 Futures,99.7775,99.85,2009-01-14,96.85,2008-06-13,1.94%,2009-02-27 00:00:00,2009-02,0.2224999999999966
245,2009-03-31,ZQH09,30-Day Fed Funds March 2009 Futures,99.8175,99.835,2009-01-14,96.765,2008-06-13,1.76%,2009-03-31 00:00:00,2009-03,0.18250000000000455
246,2009-04-30,ZQJ09,30-Day Fed Funds April 2009 Futures,99.85,99.8525,2009-04-27,96.685,2008-06-13,2.31%,2009-04-30 00:00:00,2009-04,0.15000000000000568
247,2009-05-29,ZQK09,30-Day Fed Funds May 2009 Futures,99.82,99.825,2009-05-29,96.52,2008-06-12,2.78%,2009-05-29 00:00:00,2009-05,0.18000000000000682
248,2009-06-30,ZQM09,30-Day Fed Funds June 2009 Futures,99.795,99.82,2009-06-01,97.07,2008-07-23,2.81%,2009-06-30 00:00:00,2009-06,0.2049999999999983
249,2009-07-31,ZQN09,30-Day Fed Funds July 2009 Futures,99.8425,99.845,2009-07-31,97.2,2008-08-05,2.73%,2009-07-31 00:00:00,2009-07,0.15749999999999886
250,2009-08-31,ZQQ09,30-Day Fed Funds August 2009 Futures,99.8375,99.8425,2009-08-17,97.385,2008-09-08,2.42%,2009-08-31 00:00:00,2009-08,0.16249999999999432
251,2009-09-30,ZQU09,30-Day Fed Funds September 2009 Futures,99.85,99.855,2009-09-30,97.87,2008-10-01,2.09%,2009-09-30 00:00:00,2009-09,0.15000000000000568
252,2009-10-30,ZQV09,30-Day Fed Funds October 2009 Futures,99.88,99.8825,2009-10-30,98.31,2008-11-03,1.43%,2009-10-30 00:00:00,2009-10,0.12000000000000455
253,2009-11-30,ZQX09,30-Day Fed Funds November 2009 Futures,99.88,99.8825,2009-11-30,99.0,2008-12-01,0.92%,2009-11-30 00:00:00,2009-11,0.12000000000000455
254,2009-12-31,ZQZ09,30-Day Fed Funds December 2009 Futures,99.88,99.885,2009-11-20,99.22,2009-01-05,0.53%,2009-12-31 00:00:00,2009-12,0.12000000000000455
255,2010-01-29,ZQF10,30-Day Fed Funds January 2010 Futures,99.8875,99.89,2010-01-29,99.3,2009-06-05,0.47%,2010-01-29 00:00:00,2010-01,0.11249999999999716
256,2010-02-26,ZQG10,30-Day Fed Funds February 2010 Futures,99.8725,99.875,2010-02-26,99.085,2009-06-05,0.59%,2010-02-26 00:00:00,2010-02,0.12749999999999773
257,2010-03-31,ZQH10,30-Day Fed Funds March 2010 Futures,99.8325,99.865,2010-02-26,98.96,2009-06-05,0.47%,2010-03-31 00:00:00,2010-03,0.16750000000000398
258,2010-04-30,ZQJ10,30-Day Fed Funds April 2010 Futures,99.8,99.85,2010-03-03,98.805,2009-06-05,0.41%,2010-04-30 00:00:00,2010-04,0.20000000000000284
259,2010-05-28,ZQK10,30-Day Fed Funds May 2010 Futures,99.795,99.84,2010-03-03,98.555,2009-06-08,0.54%,2010-05-28 00:00:00,2010-05,0.2049999999999983
260,2010-06-30,ZQM10,30-Day Fed Funds June 2010 Futures,99.8225,99.83,2010-03-03,98.885,2009-08-07,0.79%,2010-06-30 00:00:00,2010-06,0.17749999999999488
261,2010-07-30,ZQN10,30-Day Fed Funds July 2010 Futures,99.8175,99.825,2010-07-16,98.665,2009-08-07,0.92%,2010-07-30 00:00:00,2010-07,0.18250000000000455
262,2010-08-31,ZQQ10,30-Day Fed Funds August 2010 Futures,99.8125,99.8325,2010-08-10,99.025,2009-09-01,0.79%,2010-08-31 00:00:00,2010-08,0.1875
263,2010-09-30,ZQU10,30-Day Fed Funds September 2010 Futures,99.805,99.83,2010-08-17,99.065,2009-10-09,0.76%,2010-09-30 00:00:00,2010-09,0.19499999999999318
264,2010-10-29,ZQV10,30-Day Fed Funds October 2010 Futures,99.81,99.84,2010-08-13,99.115,2009-10-30,0.73%,2010-10-29 00:00:00,2010-10,0.18999999999999773
265,2010-11-30,ZQX10,30-Day Fed Funds November 2010 Futures,99.8075,99.835,2010-10-14,98.955,2009-12-31,0.45%,2010-11-30 00:00:00,2010-11,0.19249999999999545
266,2010-12-31,ZQZ10,30-Day Fed Funds December 2010 Futures,99.8175,99.84,2010-10-15,98.84,2009-12-31,0.89%,2010-12-31 00:00:00,2010-12,0.18250000000000455
267,2011-01-31,ZQF11,30-Day Fed Funds January 2011 Futures,99.83,99.85,2010-10-12,99.25,2010-02-03,0.54%,2011-01-31 00:00:00,2011-01,0.1700000000000017
268,2011-02-28,ZQG11,30-Day Fed Funds February 2011 Futures,99.8425,99.845,2011-02-28,99.15,2010-04-05,0.50%,2011-02-28 00:00:00,2011-02,0.15749999999999886
269,2011-03-31,ZQH11,30-Day Fed Funds March 2011 Futures,99.86,99.8625,2011-03-31,99.045,2010-04-05,0.72%,2011-03-31 00:00:00,2011-03,0.14000000000000057
270,2011-04-29,ZQJ11,30-Day Fed Funds April 2011 Futures,99.9,99.905,2011-04-14,99.19,2010-05-03,0.67%,2011-04-29 00:00:00,2011-04,0.09999999999999432
271,2011-05-31,ZQK11,30-Day Fed Funds May 2011 Futures,99.9075,99.91,2011-05-23,99.28,2010-06-04,0.57%,2011-05-31 00:00:00,2011-05,0.09250000000000114
272,2011-06-30,ZQM11,30-Day Fed Funds June 2011 Futures,99.9075,99.91,2011-06-30,99.515,2010-07-01,0.38%,2011-06-30 00:00:00,2011-06,0.09250000000000114
273,2011-07-29,ZQN11,30-Day Fed Funds July 2011 Futures,99.93,99.935,2011-07-27,99.605,2010-07-30,0.34%,2011-07-29 00:00:00,2011-07,0.06999999999999318
274,2011-08-31,ZQQ11,30-Day Fed Funds August 2011 Futures,99.9025,99.925,2011-07-18,99.64,2010-09-13,0.24%,2011-08-31 00:00:00,2011-08,0.09749999999999659
275,2011-09-30,ZQU11,30-Day Fed Funds September 2011 Futures,99.915,99.93,2011-08-04,99.68,2010-12-08,0.17%,2011-09-30 00:00:00,2011-09,0.08499999999999375
276,2011-10-31,ZQV11,30-Day Fed Funds October 2011 Futures,99.9275,99.935,2011-09-20,99.64,2010-12-16,0.13%,2011-10-31 00:00:00,2011-10,0.07250000000000512
277,2011-11-30,ZQX11,30-Day Fed Funds November 2011 Futures,99.9175,99.94,2011-09-20,99.56,2010-12-16,0.25%,2011-11-30 00:00:00,2011-11,0.08249999999999602
278,2011-12-30,ZQZ11,30-Day Fed Funds December 2011 Futures,99.9275,99.94,2011-09-20,99.55,2011-02-09,0.29%,2011-12-30 00:00:00,2011-12,0.07250000000000512
279,2012-01-31,ZQF12,30-Day Fed Funds January 2012 Futures,99.9175,99.94,2011-09-20,99.48,2011-02-08,0.24%,2012-01-31 00:00:00,2012-01,0.08249999999999602
280,2012-02-29,ZQG12,30-Day Fed Funds February 2012 Futures,99.895,99.94,2011-09-20,99.485,2011-03-04,0.29%,2012-02-29 00:00:00,2012-02,0.10500000000000398
281,2012-03-30,ZQH12,30-Day Fed Funds March 2012 Futures,99.8725,99.94,2011-09-20,99.41,2011-04-01,0.41%,2012-03-30 00:00:00,2012-03,0.12749999999999773
282,2012-04-30,ZQJ12,30-Day Fed Funds April 2012 Futures,99.8625,99.94,2011-09-20,99.595,2011-05-06,0.26%,2012-04-30 00:00:00,2012-04,0.13750000000000284
283,2012-05-31,ZQK12,30-Day Fed Funds May 2012 Futures,99.8425,99.94,2011-09-20,99.675,2011-05-31,0.15%,2012-05-31 00:00:00,2012-05,0.15749999999999886
284,2012-06-29,ZQM12,30-Day Fed Funds June 2012 Futures,99.835,99.945,2011-08-11,99.685,2011-06-30,0.14%,2012-06-29 00:00:00,2012-06,0.16500000000000625
285,2012-07-31,ZQN12,30-Day Fed Funds July 2012 Futures,99.8425,99.95,2011-08-11,99.775,2011-08-01,0.07%,2012-07-31 00:00:00,2012-07,0.15749999999999886
286,2012-08-31,ZQQ12,30-Day Fed Funds August 2012 Futures,99.865,99.945,2011-09-20,99.815,2012-06-22,-0.05%,2012-08-31 00:00:00,2012-08,0.13500000000000512
287,2012-09-28,ZQU12,30-Day Fed Funds September 2012 Futures,99.855,99.9,2012-01-31,99.81,2012-07-03,-0.05%,2012-09-28 00:00:00,2012-09,0.14499999999999602
288,2012-10-31,ZQV12,30-Day Fed Funds October 2012 Futures,99.84,99.9,2011-11-11,99.81,2012-07-05,-0.02%,2012-10-31 00:00:00,2012-10,0.1599999999999966
289,2012-11-30,ZQX12,30-Day Fed Funds November 2012 Futures,99.8375,99.895,2012-01-26,99.805,2012-07-03,-0.03%,2012-11-30 00:00:00,2012-11,0.16249999999999432
290,2012-12-31,ZQZ12,30-Day Fed Funds December 2012 Futures,99.835,99.895,2012-09-13,99.805,2012-03-21,-0.02%,2012-12-31 00:00:00,2012-12,0.16500000000000625
291,2013-01-31,ZQF13,30-Day Fed Funds January 2013 Futures,99.8575,99.895,2012-09-13,99.79,2012-03-16,-0.03%,2013-01-31 00:00:00,2013-01,0.1424999999999983
292,2013-02-28,ZQG13,30-Day Fed Funds February 2013 Futures,99.855,99.895,2012-09-13,99.77,2012-03-20,0.03%,2013-02-28 00:00:00,2013-02,0.14499999999999602
293,2013-03-28,ZQH13,30-Day Fed Funds March 2013 Futures,99.8525,99.895,2012-09-13,99.785,2012-04-04,0.04%,2013-03-28 00:00:00,2013-03,0.14749999999999375
294,2013-04-30,ZQJ13,30-Day Fed Funds April 2013 Futures,99.8525,99.895,2012-09-13,99.805,2012-07-05,0.02%,2013-04-30 00:00:00,2013-04,0.14749999999999375
295,2013-05-31,ZQK13,30-Day Fed Funds May 2013 Futures,99.89,99.8925,2013-05-31,99.8,2012-07-03,0.09%,2013-05-31 00:00:00,2013-05,0.10999999999999943
296,2013-06-28,ZQM13,30-Day Fed Funds June 2013 Futures,99.905,99.91,2013-06-13,99.795,2012-07-02,0.10%,2013-06-28 00:00:00,2013-06,0.09499999999999886
297,2013-07-31,ZQN13,30-Day Fed Funds July 2013 Futures,99.905,99.9075,2013-07-31,99.835,2012-10-25,0.04%,2013-07-31 00:00:00,2013-07,0.09499999999999886
298,2013-08-30,ZQQ13,30-Day Fed Funds August 2013 Futures,99.915,99.9175,2013-08-30,99.83,2012-10-25,0.06%,2013-08-30 00:00:00,2013-08,0.08499999999999375
299,2013-09-30,ZQU13,30-Day Fed Funds September 2013 Futures,99.92,99.9225,2013-09-30,99.825,2012-10-25,0.05%,2013-09-30 00:00:00,2013-09,0.0799999999999983
300,2013-10-31,ZQV13,30-Day Fed Funds October 2013 Futures,99.9125,99.915,2013-10-31,99.83,2013-01-28,0.08%,2013-10-31 00:00:00,2013-10,0.08750000000000568
301,2013-11-29,ZQX13,30-Day Fed Funds November 2013 Futures,99.915,99.92,2013-11-07,99.825,2013-01-28,0.06%,2013-11-29 00:00:00,2013-11,0.08499999999999375
302,2013-12-31,ZQZ13,30-Day Fed Funds December 2013 Futures,99.915,99.92,2013-11-29,99.82,2013-06-24,0.07%,2013-12-31 00:00:00,2013-12,0.08499999999999375
303,2014-01-31,ZQF14,30-Day Fed Funds January 2014 Futures,99.9275,99.93,2014-01-31,99.815,2013-06-24,0.10%,2014-01-31 00:00:00,2014-01,0.07250000000000512
304,2014-02-28,ZQG14,30-Day Fed Funds February 2014 Futures,99.9325,99.935,2014-02-27,99.795,2013-06-24,0.08%,2014-02-28 00:00:00,2014-02,0.06749999999999545
305,2014-03-31,ZQH14,30-Day Fed Funds March 2014 Futures,99.92,99.93,2014-02-24,99.785,2013-06-25,0.09%,2014-03-31 00:00:00,2014-03,0.0799999999999983
306,2014-04-30,ZQJ14,30-Day Fed Funds April 2014 Futures,99.9125,99.93,2014-02-28,99.765,2013-06-24,0.05%,2014-04-30 00:00:00,2014-04,0.08750000000000568
307,2014-05-30,ZQK14,30-Day Fed Funds May 2014 Futures,99.9125,99.925,2014-03-03,99.745,2013-06-25,0.10%,2014-05-30 00:00:00,2014-05,0.08750000000000568
308,2014-06-30,ZQM14,30-Day Fed Funds June 2014 Futures,99.905,99.925,2014-03-03,99.75,2013-07-08,0.13%,2014-06-30 00:00:00,2014-06,0.09499999999999886
309,2014-07-31,ZQN14,30-Day Fed Funds July 2014 Futures,99.9075,99.92,2014-04-08,99.735,2013-09-05,0.10%,2014-07-31 00:00:00,2014-07,0.09250000000000114
310,2014-08-29,ZQQ14,30-Day Fed Funds August 2014 Futures,99.91,99.915,2014-03-03,99.69,2013-09-05,0.15%,2014-08-29 00:00:00,2014-08,0.09000000000000341
311,2014-09-30,ZQU14,30-Day Fed Funds September 2014 Futures,99.9125,99.915,2014-08-29,99.805,2013-10-16,0.10%,2014-09-30 00:00:00,2014-09,0.08750000000000568
312,2014-10-31,ZQV14,30-Day Fed Funds October 2014 Futures,99.9125,99.925,2014-10-01,99.82,2014-01-10,0.08%,2014-10-31 00:00:00,2014-10,0.08750000000000568
313,2014-11-28,ZQX14,30-Day Fed Funds November 2014 Futures,99.905,99.92,2014-10-15,99.795,2014-01-09,0.03%,2014-11-28 00:00:00,2014-11,0.09499999999999886
314,2014-12-31,ZQZ14,30-Day Fed Funds December 2014 Futures,99.8775,99.92,2014-10-09,99.78,2014-01-10,0.05%,2014-12-31 00:00:00,2014-12,0.12250000000000227
315,2015-01-30,ZQF15,30-Day Fed Funds January 2015 Futures,99.8825,99.92,2014-10-10,99.82,2014-03-24,0.04%,2015-01-30 00:00:00,2015-01,0.11750000000000682
316,2015-02-27,ZQG15,30-Day Fed Funds February 2015 Futures,99.8875,99.915,2014-10-09,99.785,2014-03-24,0.04%,2015-02-27 00:00:00,2015-02,0.11249999999999716
317,2015-03-31,ZQH15,30-Day Fed Funds March 2015 Futures,99.885,99.91,2014-10-16,99.775,2014-04-04,0.10%,2015-03-31 00:00:00,2015-03,0.11499999999999488
318,2015-04-30,ZQJ15,30-Day Fed Funds April 2015 Futures,99.875,99.905,2014-10-15,99.755,2014-07-09,0.08%,2015-04-30 00:00:00,2015-04,0.125
319,2015-05-29,ZQK15,30-Day Fed Funds May 2015 Futures,99.875,99.895,2014-10-15,99.685,2014-07-09,0.09%,2015-05-29 00:00:00,2015-05,0.125
320,2015-06-30,ZQM15,30-Day Fed Funds June 2015 Futures,99.871,99.885,2014-10-15,99.635,2014-07-09,0.16%,2015-06-30 00:00:00,2015-06,0.1290000000000049
321,2015-07-31,ZQN15,30-Day Fed Funds July 2015 Futures,99.87,99.8725,2015-07-14,99.575,2014-07-31,0.27%,2015-07-31 00:00:00,2015-07,0.12999999999999545
322,2015-08-31,ZQQ15,30-Day Fed Funds August 2015 Futures,99.8625,99.87,2015-08-12,99.525,2014-09-12,0.28%,2015-08-31 00:00:00,2015-08,0.13750000000000284
323,2015-09-30,ZQU15,30-Day Fed Funds September 2015 Futures,99.8625,99.865,2015-09-30,99.51,2014-10-01,0.36%,2015-09-30 00:00:00,2015-09,0.13750000000000284
324,2015-10-30,ZQV15,30-Day Fed Funds October 2015 Futures,99.875,99.8775,2015-10-30,99.48,2014-12-23,0.27%,2015-10-30 00:00:00,2015-10,0.125
325,2015-11-30,ZQX15,30-Day Fed Funds November 2015 Futures,99.88,99.8825,2015-11-30,99.405,2014-12-23,0.29%,2015-11-30 00:00:00,2015-11,0.12000000000000455
326,2015-12-31,ZQZ15,30-Day Fed Funds December 2015 Futures,99.759,99.835,2015-10-15,99.36,2015-01-02,0.38%,2015-12-31 00:00:00,2015-12,0.24099999999999966
327,2016-01-29,ZQF16,30-Day Fed Funds January 2016 Futures,99.6575,99.805,2015-10-15,99.325,2015-03-06,0.16%,2016-01-29 00:00:00,2016-01,0.34250000000000114
328,2016-02-29,ZQG16,30-Day Fed Funds February 2016 Futures,99.625,99.78,2015-10-15,99.25,2015-03-09,0.27%,2016-02-29 00:00:00,2016-02,0.375
329,2016-03-31,ZQH16,30-Day Fed Funds March 2016 Futures,99.6375,99.755,2015-10-15,99.41,2015-03-30,0.22%,2016-03-31 00:00:00,2016-03,0.36249999999999716
330,2016-04-29,ZQJ16,30-Day Fed Funds April 2016 Futures,99.6375,99.725,2015-10-15,99.35,2015-06-11,0.19%,2016-04-29 00:00:00,2016-04,0.36249999999999716
331,2016-05-31,ZQK16,30-Day Fed Funds May 2016 Futures,99.6325,99.71,2015-10-15,99.275,2015-06-11,0.22%,2016-05-31 00:00:00,2016-05,0.3675000000000068
332,2016-06-30,ZQM16,30-Day Fed Funds June 2016 Futures,99.6225,99.68,2015-10-15,99.315,2015-08-07,0.25%,2016-06-30 00:00:00,2016-06,0.3774999999999977
333,2016-07-29,ZQN16,30-Day Fed Funds July 2016 Futures,99.608,99.67,2016-06-24,99.25,2015-08-07,0.30%,2016-07-29 00:00:00,2016-07,0.3919999999999959
334,2016-08-31,ZQQ16,30-Day Fed Funds August 2016 Futures,99.6025,99.68,2016-06-24,99.295,2015-12-30,0.23%,2016-08-31 00:00:00,2016-08,0.39749999999999375
335,2016-09-30,ZQU16,30-Day Fed Funds September 2016 Futures,99.604,99.69,2016-06-24,99.265,2015-12-30,0.11%,2016-09-30 00:00:00,2016-09,0.3960000000000008
336,2016-10-31,ZQV16,30-Day Fed Funds October 2016 Futures,99.605,99.71,2016-06-24,99.205,2015-12-30,0.22%,2016-10-31 00:00:00,2016-10,0.394999999999996
337,2016-11-30,ZQX16,30-Day Fed Funds November 2016 Futures,99.5925,99.715,2016-06-24,99.145,2015-12-30,0.36%,2016-11-30 00:00:00,2016-11,0.40749999999999886
338,2016-12-30,ZQZ16,30-Day Fed Funds December 2016 Futures,99.46,99.705,2016-06-24,99.105,2015-12-31,0.37%,2016-12-30 00:00:00,2016-12,0.5400000000000063
339,2017-01-31,ZQF17,30-Day Fed Funds January 2017 Futures,99.35,99.69,2016-06-24,99.245,2016-03-16,-0.08%,2017-01-31 00:00:00,2017-01,0.6500000000000057
340,2017-02-28,ZQG17,30-Day Fed Funds February 2017 Futures,99.3425,99.695,2016-06-24,99.22,2016-03-16,-0.10%,2017-02-28 00:00:00,2017-02,0.6574999999999989
341,2017-03-31,ZQH17,30-Day Fed Funds March 2017 Futures,99.214,99.68,2016-06-24,99.2125,2017-03-31,-0.09%,2017-03-31 00:00:00,2017-03,0.7860000000000014
342,2017-04-28,ZQJ17,30-Day Fed Funds April 2017 Futures,99.105,99.69,2016-06-24,99.1025,2017-04-28,-0.27%,2017-04-28 00:00:00,2017-04,0.894999999999996
343,2017-05-31,ZQK17,30-Day Fed Funds May 2017 Futures,99.095,99.675,2016-06-24,99.09,2017-04-28,-0.15%,2017-05-31 00:00:00,2017-05,0.9050000000000011
344,2017-06-30,ZQM17,30-Day Fed Funds June 2017 Futures,98.96,99.605,2016-07-06,98.9575,2017-06-30,-0.63%,2017-06-30 00:00:00,2017-06,1.0400000000000063
345,2017-07-31,ZQN17,30-Day Fed Funds July 2017 Futures,98.85,99.49,2016-08-04,98.845,2017-06-30,-0.63%,2017-07-31 00:00:00,2017-07,1.1500000000000057
346,2017-08-31,ZQQ17,30-Day Fed Funds August 2017 Futures,98.845,99.42,2016-11-09,98.84,2017-07-28,-0.46%,2017-08-31 00:00:00,2017-08,1.1550000000000011
347,2017-09-29,ZQU17,30-Day Fed Funds September 2017 Futures,98.845,99.41,2016-11-09,98.825,2017-07-07,-0.53%,2017-09-29 00:00:00,2017-09,1.1550000000000011
348,2017-10-31,ZQV17,30-Day Fed Funds October 2017 Futures,98.846,99.38,2016-11-09,98.74,2017-05-09,-0.44%,2017-11-01 00:00:00,2017-11,1.1539999999999964
349,2017-11-30,ZQX17,30-Day Fed Funds November 2017 Futures,98.843,99.085,2016-12-05,98.735,2017-05-09,-0.20%,2017-12-01 00:00:00,2017-12,1.1569999999999965
350,2017-12-29,ZQZ17,30-Day Fed Funds December 2017 Futures,98.7,98.96,2017-02-08,98.69,2017-06-05,-0.17%,2017-12-29 00:00:00,2017-12,1.2999999999999972
351,2018-01-31,ZQF18,30-Day Fed Funds January 2018 Futures,98.585,98.905,2017-02-08,98.5825,2018-01-25,-0.26%,2018-02-01 00:00:00,2018-02,1.4150000000000063
352,2018-02-28,ZQG18,30-Day Fed Funds February 2018 Futures,98.582,98.83,2017-04-19,98.56,2018-01-25,-0.12%,2018-03-01 00:00:00,2018-03,1.4180000000000064
353,2018-03-29,ZQH18,30-Day Fed Funds March 2018 Futures,98.4975,98.81,2017-04-19,98.495,2018-03-23,-0.17%,2018-04-01 00:00:00,2018-04,1.5024999999999977
354,2018-04-30,ZQJ18,30-Day Fed Funds April 2018 Futures,98.308,98.775,2017-05-18,98.3075,2018-04-30,-0.35%,2018-05-01 00:00:00,2018-05,1.691999999999993
355,2018-05-31,ZQK18,30-Day Fed Funds May 2018 Futures,98.3,98.765,2017-09-08,98.29,2018-05-01,-0.37%,2018-06-01 00:00:00,2018-06,1.7000000000000028
356,2018-06-29,ZQM18,30-Day Fed Funds June 2018 Futures,98.18,98.75,2017-09-08,98.155,2018-05-22,-0.43%,2018-06-29 00:00:00,2018-06,1.8199999999999932
357,2018-07-31,ZQN18,30-Day Fed Funds July 2018 Futures,98.09,98.735,2017-09-08,98.05,2018-05-22,-0.54%,2018-08-01 00:00:00,2018-08,1.9099999999999966
358,2018-08-31,ZQQ18,30-Day Fed Funds August 2018 Futures,98.085,98.73,2017-09-08,98.03,2018-05-16,-0.59%,2018-08-31 00:00:00,2018-08,1.9150000000000063
359,2018-09-28,ZQU18,30-Day Fed Funds September 2018 Futures,98.045,98.525,2017-09-29,98.005,2018-05-16,-0.48%,2018-09-28 00:00:00,2018-09,1.9549999999999983
360,2018-10-31,ZQV18,30-Day Fed Funds October 2018 Futures,97.812,98.365,2017-11-03,97.81,2018-10-31,-0.52%,2018-11-01 00:00:00,2018-11,2.1880000000000024
361,2018-11-30,ZQX18,30-Day Fed Funds November 2018 Futures,97.8025,98.255,2017-12-01,97.7925,2018-11-09,-0.45%,2018-11-30 00:00:00,2018-11,2.197500000000005
362,2018-12-31,ZQZ18,30-Day Fed Funds December 2018 Futures,97.725,98.12,2018-02-06,9.7726,2019-01-02,-90.04%,2018-12-31 00:00:00,2018-12,2.2750000000000057
363,2019-01-31,ZQF19,30-Day Fed Funds January 2019 Futures,97.6,98.08,2018-02-06,97.59,2018-11-29,-0.31%,2019-01-31 00:00:00,2019-01,2.4000000000000057
364,2019-02-28,ZQG19,30-Day Fed Funds February 2019 Futures,97.6,97.94,2018-05-30,97.575,2018-11-29,-0.26%,2019-03-01 00:00:00,2019-03,2.4000000000000057
365,2019-03-29,ZQH19,30-Day Fed Funds March 2019 Futures,97.595,97.92,2018-05-30,97.515,2018-11-09,-0.23%,2019-03-29 00:00:00,2019-03,2.405000000000001
366,2019-04-30,ZQJ19,30-Day Fed Funds April 2019 Futures,97.576,97.875,2018-05-30,97.4,2018-11-08,-0.02%,2019-05-01 00:00:00,2019-05,2.4240000000000066
367,2019-05-31,ZQK19,30-Day Fed Funds May 2019 Futures,97.61,97.86,2018-05-30,97.375,2018-11-08,-0.04%,2019-05-31 00:00:00,2019-05,2.3900000000000006
368,2019-06-28,ZQM19,30-Day Fed Funds June 2019 Futures,97.6225,97.685,2019-01-03,97.32,2018-11-08,0.07%,2019-06-28 00:00:00,2019-06,2.3774999999999977
369,2019-07-31,ZQN19,30-Day Fed Funds July 2019 Futures,97.597,97.71,2019-06-07,97.23,2018-11-08,0.24%,2019-08-01 00:00:00,2019-08,2.403000000000006
370,2019-08-30,ZQQ19,30-Day Fed Funds August 2019 Futures,97.8725,98.02,2019-07-19,97.205,2018-11-08,0.49%,2019-08-30 00:00:00,2019-08,2.1274999999999977
371,2019-09-30,ZQU19,30-Day Fed Funds September 2019 Futures,97.957,98.085,2019-07-18,97.17,2018-11-08,0.72%,2019-10-01 00:00:00,2019-10,2.0430000000000064
372,2019-10-31,ZQV19,30-Day Fed Funds October 2019 Futures,98.17,98.27,2019-08-07,97.115,2018-11-08,0.98%,2019-11-01 00:00:00,2019-11,1.8299999999999983
373,2019-11-29,ZQX19,30-Day Fed Funds November 2019 Futures,98.445,98.45,2019-08-07,97.28,2018-12-03,1.16%,2019-11-29 00:00:00,2019-11,1.5550000000000068
374,2019-12-31,ZQZ19,30-Day Fed Funds December 2019 Futures,98.449,98.555,2019-08-07,97.52,2019-01-25,0.88%,2020-01-02 00:00:00,2020-01,1.551000000000002
375,2020-01-31,ZQF20,30-Day Fed Funds January 2020 Futures,98.45,98.63,2019-08-07,97.555,2019-03-04,0.88%,2020-01-31 00:00:00,2020-01,1.5499999999999972
376,2020-02-28,ZQG20,30-Day Fed Funds February 2020 Futures,98.415,98.74,2019-08-07,97.575,2019-03-04,0.79%,2020-02-28 00:00:00,2020-02,1.5849999999999937
377,2020-03-31,ZQH20,30-Day Fed Funds March 2020 Futures,99.348,99.44,2020-03-09,97.735,2019-04-17,1.54%,2020-04-01 00:00:00,2020-04,0.652000000000001
378,2020-04-30,ZQJ20,30-Day Fed Funds April 2020 Futures,99.951,99.9525,2020-05-01,97.785,2019-05-03,2.14%,2020-05-01 00:00:00,2020-05,0.049000000000006594
379,2020-05-29,ZQK20,30-Day Fed Funds May 2020 Futures,99.95,99.9575,2020-05-01,98.125,2019-05-30,1.80%,2020-05-29 00:00:00,2020-05,0.04999999999999716
380,2020-06-30,ZQM20,30-Day Fed Funds June 2020 Futures,99.922,99.96,2020-05-07,98.305,2019-07-31,1.45%,2020-07-01 00:00:00,2020-07,0.07800000000000296
381,2020-07-31,ZQN20,30-Day Fed Funds July 2020 Futures,99.905,99.96,2020-05-08,98.325,2019-07-31,1.44%,2020-07-31 00:00:00,2020-07,0.09499999999999886
382,2020-08-31,ZQQ20,30-Day Fed Funds August 2020 Futures,99.905,99.98,2020-05-07,98.5,2020-01-02,1.05%,2020-09-01 00:00:00,2020-09,0.09499999999999886
383,2020-09-30,ZQU20,30-Day Fed Funds September 2020 Futures,99.91,99.99,2020-05-07,98.515,2020-01-02,1.14%,2020-10-01 00:00:00,2020-10,0.09000000000000341
384,2020-10-30,ZQV20,30-Day Fed Funds October 2020 Futures,99.91,100.0,2020-05-08,98.54,2020-01-02,1.26%,2020-10-30 00:00:00,2020-10,0.09000000000000341
385,2020-11-30,ZQX20,30-Day Fed Funds November 2020 Futures,99.914,100.01,2020-05-08,98.555,2020-01-02,1.24%,2020-12-01 00:00:00,2020-12,0.08599999999999852
386,2020-12-31,ZQZ20,30-Day Fed Funds December 2020 Futures,99.9125,100.025,2020-05-08,98.58,2020-01-02,1.32%,2020-12-31 00:00:00,2020-12,0.08750000000000568
387,2021-01-29,ZQF21,30-Day Fed Funds January 2021 Futures,99.9125,100.04,2020-05-08,98.725,2020-02-07,1.12%,2021-01-29 00:00:00,2021-01,0.08750000000000568
388,2021-02-26,ZQG21,30-Day Fed Funds February 2021 Futures,99.9225,100.045,2020-05-08,99.115,2020-02-27,0.80%,2021-02-26 00:00:00,2021-02,0.07750000000000057
389,2021-03-31,ZQH21,30-Day Fed Funds March 2021 Futures,99.93,100.05,2020-05-08,99.89,2020-04-08,0.01%,2021-04-01 00:00:00,2021-04,0.06999999999999318
390,2021-04-30,ZQJ21,30-Day Fed Funds April 2021 Futures,99.93,100.06,2020-05-08,99.915,2021-02-26,-0.02%,2021-04-30 00:00:00,2021-04,0.06999999999999318
391,2021-05-28,ZQK21,30-Day Fed Funds May 2021 Futures,99.94,100.02,2020-07-10,99.91,2021-04-15,-0.05%,2021-05-28 00:00:00,2021-05,0.060000000000002274
392,2021-06-30,ZQM21,30-Day Fed Funds June 2021 Futures,99.922,100.025,2020-07-10,99.905,2021-04-19,-0.08%,2021-07-01 00:00:00,2021-07,0.07800000000000296
393,2021-07-30,ZQN21,30-Day Fed Funds July 2021 Futures,99.9,100.015,2020-08-03,99.895,2021-06-17,-0.10%,2021-07-30 00:00:00,2021-07,0.09999999999999432
394,2021-08-31,ZQQ21,30-Day Fed Funds August 2021 Futures,99.908,99.985,2020-09-04,99.895,2021-06-16,-0.06%,2021-09-01 00:00:00,2021-09,0.09199999999999875
395,2021-10-01,ZQU21,30-Day Fed Funds September 2021 Futures,99.921,99.97,2020-10-02,99.9,2021-06-22,-0.04%,2021-10-01 00:00:00,2021-10,0.07899999999999352
396,2021-10-29,ZQV21,30-Day Fed Funds October 2021 Futures,99.92,99.96,2020-11-04,99.9,2021-06-21,-0.04%,2021-10-29 00:00:00,2021-10,0.0799999999999983
397,2021-12-01,ZQX21,30-Day Fed Funds November 2021 Futures,99.92,99.94,2021-01-26,99.895,2021-05-03,0.00%,2021-12-01 00:00:00,2021-12,0.0799999999999983
398,2021-12-31,ZQZ21,30-Day Fed Funds December 2021 Futures,99.92,99.935,2021-01-26,99.895,2021-05-03,0.01%,2021-12-31 00:00:00,2021-12,0.0799999999999983
399,2022-02-01,ZQF22,30-Day Fed Funds January 2022 Futures,99.921,99.93,2021-11-05,99.895,2021-06-21,0.00%,2022-02-01 00:00:00,2022-02,0.07899999999999352
400,2022-03-01,ZQG22,30-Day Fed Funds February 2022 Futures,99.92,99.925,2021-11-04,99.845,2022-02-10,0.02%,2022-03-01 00:00:00,2022-03,0.0799999999999983
401,2022-04-01,ZQH22,30-Day Fed Funds March 2022 Futures,99.799,99.925,2021-10-05,99.555,2022-02-10,-0.11%,2022-04-01 00:00:00,2022-04,0.2009999999999934
402,2022-04-29,ZQJ22,30-Day Fed Funds April 2022 Futures,99.67,99.925,2021-09-21,99.43,2022-02-11,-0.22%,2022-04-29 00:00:00,2022-04,0.3299999999999983
403,2022-06-01,ZQK22,30-Day Fed Funds May 2022 Futures,99.235,99.925,2021-09-21,99.115,2022-02-11,-0.67%,2022-06-01 00:00:00,2022-06,0.7650000000000006
404,2022-07-01,ZQM22,30-Day Fed Funds June 2022 Futures,98.795,99.915,2021-09-21,98.6675,2022-06-15,-1.05%,2022-07-01 00:00:00,2022-07,1.2049999999999983
405,2022-07-29,ZQN22,30-Day Fed Funds July 2022 Futures,98.325,99.905,2021-09-22,98.205,2022-06-15,-1.55%,2022-07-29 00:00:00,2022-07,1.6749999999999972
406,2022-09-01,ZQQ22,30-Day Fed Funds August 2022 Futures,97.67,99.895,2021-09-21,97.465,2022-07-14,-2.21%,2022-09-01 00:00:00,2022-09,2.3299999999999983
407,2022-09-30,ZQU22,30-Day Fed Funds September 2022 Futures,97.4425,99.85,2021-10-04,97.24,2022-07-14,-2.40%,2022-09-30 00:00:00,2022-09,2.5575000000000045
408,2022-11-01,ZQV22,30-Day Fed Funds October 2022 Futures,96.92,99.645,2021-11-30,96.705,2022-07-14,-2.62%,2022-11-01 00:00:00,2022-11,3.0799999999999983
409,2022-12-01,ZQX22,30-Day Fed Funds November 2022 Futures,96.22,99.46,2021-12-02,96.165,2022-09-15,-3.26%,2022-12-01 00:00:00,2022-12,3.780000000000001
410,2022-12-30,ZQZ22,30-Day Fed Funds December 2022 Futures,95.8975,99.245,2022-01-05,95.76,2022-10-20,-3.36%,2022-12-30 00:00:00,2022-12,4.102500000000006
411,2023-01-31,ZQF23,30-Day Fed Funds January 2023 Futures,95.67,98.81,2022-03-01,95.465,2022-10-20,-3.09%,2023-02-01 00:00:00,2023-02,4.329999999999998
412,2023-02-28,ZQG23,30-Day Fed Funds February 2023 Futures,95.43,98.7,2022-03-02,95.1,2022-10-21,-3.29%,2023-03-01 00:00:00,2023-03,4.569999999999993
444,2025-10-31,ZQV25,30-Day Fed Funds October 2025 Futures,96.105,98.225,2022-03-10,95.785,2022-11-03,-2.22%,2023-03-09 00:00:00,2023-03,3.894999999999996
445,2025-11-28,ZQX25,30-Day Fed Funds November 2025 Futures,96.105,98.225,2022-03-10,95.785,2022-11-03,-2.22%,2023-03-09 00:00:00,2023-03,3.894999999999996
446,2025-12-31,ZQZ25,30-Day Fed Funds December 2025 Futures,95.985,98.105,2022-03-10,95.665,2022-11-03,-2.23%,2023-03-09 00:00:00,2023-03,4.015000000000001
447,2026-01-30,ZQF26,30-Day Fed Funds January 2026 Futures,95.885,98.005,2022-03-10,95.565,2022-11-03,-2.23%,2023-03-09 00:00:00,2023-03,4.114999999999995
448,2026-02-27,ZQG26,30-Day Fed Funds February 2026 Futures,95.885,98.005,2022-03-10,95.565,2022-11-03,-2.23%,2023-03-09 00:00:00,2023-03,4.114999999999995
449,2026-03-31,ZQH26,30-Day Fed Funds March 2026 Futures,95.885,98.005,2022-03-10,95.565,2022-11-03,-2.23%,2023-03-09 00:00:00,2023-03,4.114999999999995
450,2026-04-30,ZQJ26,30-Day Fed Funds April 2026 Futures,95.885,98.005,2022-03-10,95.565,2022-11-03,-2.23%,2023-03-09 00:00:00,2023-03,4.114999999999995
451,2026-05-29,ZQK26,30-Day Fed Funds May 2026 Futures,95.885,98.005,2022-03-10,95.565,2022-11-03,-2.23%,2023-03-09 00:00:00,2023-03,4.114999999999995
452,2026-06-30,ZQM26,30-Day Fed Funds June 2026 Futures,95.885,98.005,2022-03-10,95.565,2022-11-03,-2.23%,2023-03-09 00:00:00,2023-03,4.114999999999995
453,2026-07-31,ZQN26,30-Day Fed Funds July 2026 Futures,95.885,98.005,2022-03-10,95.565,2022-11-03,-2.23%,2023-03-09 00:00:00,2023-03,4.114999999999995
454,2026-08-31,ZQQ26,30-Day Fed Funds August 2026 Futures,95.805,97.925,2022-03-10,95.485,2022-11-03,-2.23%,2023-03-09 00:00:00,2023-03,4.194999999999993
455,2026-09-30,ZQU26,30-Day Fed Funds September 2026 Futures,95.805,97.925,2022-03-10,95.485,2022-11-03,-2.23%,2023-03-09 00:00:00,2023-03,4.194999999999993
456,2026-10-30,ZQV26,30-Day Fed Funds October 2026 Futures,95.8,97.92,2022-03-10,95.48,2022-11-03,-2.23%,2023-03-09 00:00:00,2023-03,4.200000000000003
463,2027-05-28,ZQK27,30-Day Fed Funds May 2027 Futures,95.65,97.26,2022-08-01,95.33,2022-11-03,-1.27%,2023-03-09 00:00:00,2023-03,4.349999999999994
458,2026-12-31,ZQZ26,30-Day Fed Funds December 2026 Futures,95.76,97.88,2022-03-10,95.44,2022-11-03,-2.23%,2023-03-09 00:00:00,2023-03,4.239999999999995
459,2027-01-29,ZQF27,30-Day Fed Funds January 2027 Futures,95.745,97.865,2022-03-10,95.425,2022-11-03,-2.23%,2023-03-09 00:00:00,2023-03,4.2549999999999955
460,2027-02-26,ZQG27,30-Day Fed Funds February 2027 Futures,95.73,97.85,2022-03-10,95.41,2022-11-03,-2.23%,2023-03-09 00:00:00,2023-03,4.269999999999996
461,2027-03-31,ZQH27,30-Day Fed Funds March 2027 Futures,95.715,97.325,2022-08-01,95.395,2022-11-03,-1.52%,2023-03-09 00:00:00,2023-03,4.284999999999997
462,2027-04-30,ZQJ27,30-Day Fed Funds April 2027 Futures,95.675,97.285,2022-08-01,95.355,2022-11-03,-1.16%,2023-03-09 00:00:00,2023-03,4.325000000000003
443,2025-09-30,ZQU25,30-Day Fed Funds September 2025 Futures,96.105,98.225,2022-03-10,95.785,2022-11-03,-2.22%,2023-03-09 00:00:00,2023-03,3.894999999999996
464,2027-06-30,ZQM27,30-Day Fed Funds June 2027 Futures,95.63,97.24,2022-08-01,95.31,2022-11-03,-1.34%,2023-03-09 00:00:00,2023-03,4.3700000000000045
465,2027-07-30,ZQN27,30-Day Fed Funds July 2027 Futures,95.61,97.22,2022-08-01,95.29,2022-11-03,-1.60%,2023-03-09 00:00:00,2023-03,4.390000000000001
466,2027-08-31,ZQQ27,30-Day Fed Funds August 2027 Futures,95.53,96.675,2023-01-18,95.21,2022-11-03,-0.80%,2023-03-09 00:00:00,2023-03,4.469999999999999
467,2027-09-30,ZQU27,30-Day Fed Funds September 2027 Futures,95.53,96.675,2023-01-18,95.21,2022-11-03,0.06%,2023-03-09 00:00:00,2023-03,4.469999999999999
468,2027-10-29,ZQV27,30-Day Fed Funds October 2027 Futures,95.525,96.67,2023-01-18,95.205,2022-11-03,0.13%,2023-03-09 00:00:00,2023-03,4.474999999999994
469,2027-11-30,ZQX27,30-Day Fed Funds November 2027 Futures,95.505,96.65,2023-01-18,95.3,2023-03-08,-0.54%,2023-03-09 00:00:00,2023-03,4.4950000000000045
470,2027-12-30,ZQZ27,30-Day Fed Funds December 2027 Futures,95.485,96.63,2023-01-18,95.28,2023-03-08,-0.27%,2023-03-09 00:00:00,2023-03,4.515000000000001
457,2026-11-30,ZQX26,30-Day Fed Funds November 2026 Futures,95.78,97.9,2022-03-10,95.46,2022-11-03,-2.23%,2023-03-09 00:00:00,2023-03,4.219999999999999
442,2025-08-29,ZQQ25,30-Day Fed Funds August 2025 Futures,96.105,98.225,2022-03-10,95.785,2022-11-03,-2.22%,2023-03-09 00:00:00,2023-03,3.894999999999996
472,2028-02-01,ZQG28,30-Day Fed Funds February 2028 Futures,95.455,95.465,2023-02-28,95.25,2023-03-08,-0.01%,2023-03-09 00:00:00,2023-03,4.545000000000002
440,2025-06-30,ZQM25,30-Day Fed Funds June 2025 Futures,96.105,98.225,2022-03-10,95.785,2022-11-03,-2.22%,2023-03-09 00:00:00,2023-03,3.894999999999996
441,2025-07-31,ZQN25,30-Day Fed Funds July 2025 Futures,96.105,98.225,2022-03-10,95.785,2022-11-03,-2.22%,2023-03-09 00:00:00,2023-03,3.894999999999996
471,2028-01-01,ZQF28,30-Day Fed Funds January 2028 Futures,95.47,96.52,2023-02-02,95.265,2023-03-08,-0.90%,2023-03-09 00:00:00,2023-03,4.530000000000001
430,2024-08-30,ZQQ24,30-Day Fed Funds August 2024 Futures,95.61,97.78,2022-07-01,95.385,2023-03-08,-2.22%,2023-03-09 00:00:00,2023-03,4.390000000000001
431,2024-09-30,ZQU24,30-Day Fed Funds September 2024 Futures,95.655,97.78,2022-07-01,95.43,2023-03-08,-2.17%,2023-03-09 00:00:00,2023-03,4.344999999999999
433,2024-11-29,ZQX24,30-Day Fed Funds November 2024 Futures,95.88,97.78,2022-07-01,95.66,2022-11-07,-1.94%,2023-03-09 00:00:00,2023-03,4.1200000000000045
432,2024-10-31,ZQV24,30-Day Fed Funds October 2024 Futures,95.775,97.78,2022-07-01,95.535,2023-03-08,-2.05%,2023-03-09 00:00:00,2023-03,4.224999999999994
435,2025-01-31,ZQF25,30-Day Fed Funds January 2025 Futures,96.01,98.225,2022-03-10,95.785,2022-11-03,-2.32%,2023-03-09 00:00:00,2023-03,3.989999999999995
436,2025-02-28,ZQG25,30-Day Fed Funds February 2025 Futures,96.105,98.225,2022-03-10,95.785,2022-11-03,-2.22%,2023-03-09 00:00:00,2023-03,3.894999999999996
437,2025-03-31,ZQH25,30-Day Fed Funds March 2025 Futures,96.105,98.225,2022-03-10,95.785,2022-11-03,-2.22%,2023-03-09 00:00:00,2023-03,3.894999999999996
438,2025-04-30,ZQJ25,30-Day Fed Funds April 2025 Futures,96.105,98.225,2022-03-10,95.785,2022-11-03,-2.22%,2023-03-09 00:00:00,2023-03,3.894999999999996
439,2025-05-30,ZQK25,30-Day Fed Funds May 2025 Futures,96.105,98.225,2022-03-10,95.785,2022-11-03,-2.22%,2023-03-09 00:00:00,2023-03,3.894999999999996
434,2024-12-31,ZQZ24,30-Day Fed Funds December 2024 Futures,95.98,98.055,2022-03-10,95.65,2023-03-06,-2.18%,2023-03-09 00:00:00,2023-03,4.019999999999996
428,2024-06-28,ZQM24,30-Day Fed Funds June 2024 Futures,95.475,97.68,2022-03-11,95.04,2023-03-08,-2.29%,2023-04-01 19:19:00,2023-04,4.525000000000006
424,2024-02-29,ZQG24,30-Day Fed Funds February 2024 Futures,94.895,97.77,2022-03-11,94.56,2023-03-08,-2.98%,2023-04-01 19:19:00,2023-04,5.105000000000004
429,2024-07-31,ZQN24,30-Day Fed Funds July 2024 Futures,95.545,97.78,2022-07-01,95.12,2023-03-08,-2.22%,2023-04-01 19:27:00,2023-04,4.454999999999998
423,2024-01-31,ZQF24,30-Day Fed Funds January 2024 Futures,94.735,97.76,2022-03-11,94.44,2023-03-08,-3.13%,2023-04-01 19:28:00,2023-04,5.265000000000001
426,2024-04-30,ZQJ24,30-Day Fed Funds April 2024 Futures,95.1,97.77,2022-03-11,94.72,2023-03-08,-2.77%,2023-04-01 19:29:00,2023-04,4.900000000000006
427,2024-05-31,ZQK24,30-Day Fed Funds May 2024 Futures,95.31,97.77,2022-03-11,94.91,2023-03-08,-2.55%,2023-04-01 19:29:00,2023-04,4.689999999999998
413,2023-03-31,ZQH23,30-Day Fed Funds March 2023 Futures,95.3175,98.13,2022-03-11,95.02,2022-11-04,-2.83%,2023-04-01 19:29:00,2023-04,4.6825000000000045
422,2023-12-29,ZQZ23,30-Day Fed Funds December 2023 Futures,94.69,97.74,2022-03-14,94.4,2023-03-08,-3.16%,2023-04-01 19:38:00,2023-04,5.310000000000002
421,2023-11-30,ZQX23,30-Day Fed Funds November 2023 Futures,94.615,97.785,2022-03-11,94.35,2023-03-08,-3.26%,2023-04-01 19:38:00,2023-04,5.385000000000005
420,2023-10-31,ZQV23,30-Day Fed Funds October 2023 Futures,94.54,97.79,2022-03-11,94.305,2023-03-08,-3.33%,2023-04-01 19:38:00,2023-04,5.459999999999994
419,2023-09-29,ZQU23,30-Day Fed Funds September 2023 Futures,94.535,97.76,2022-03-11,94.32,2023-03-08,-3.35%,2023-04-01 19:38:00,2023-04,5.465000000000003
418,2023-08-31,ZQQ23,30-Day Fed Funds August 2023 Futures,94.525,97.855,2022-03-11,94.33,2023-03-08,-3.37%,2023-04-01 19:38:00,2023-04,5.474999999999994
417,2023-07-31,ZQN23,30-Day Fed Funds July 2023 Futures,94.555,97.89,2022-03-11,94.405,2023-03-09,-3.38%,2023-04-01 19:38:00,2023-04,5.444999999999993
416,2023-06-30,ZQM23,30-Day Fed Funds June 2023 Futures,94.635,97.935,2022-03-11,94.52,2023-03-09,-3.35%,2023-04-01 19:38:00,2023-04,5.364999999999995
425,2024-03-28,ZQH24,30-Day Fed Funds March 2024 Futures,94.975,97.77,2022-03-11,94.615,2023-03-08,-2.93%,2023-04-01 19:38:00,2023-04,5.025000000000006
415,2023-05-31,ZQK23,30-Day Fed Funds May 2023 Futures,94.75,97.98,2022-03-11,94.665,2023-03-09,-3.27%,2023-04-01 19:40:00,2023-04,5.25
414,2023-04-28,ZQJ23,30-Day Fed Funds April 2023 Futures,95.04,98.055,2022-03-11,94.85,2022-11-04,-3.04%,2023-04-01 19:40:00,2023-04,4.959999999999994
