Symbol,Time,Open,High,Low,Last,Change,%Chg,Volume,Open Int
ZQJ23,03/06/2023,95.115,95.125,94.99,95.035,-0.08,-0.08%,649754,1378527
ZQG23,02/27/2023,95.43,95.43,95.1,95.115,-0.315,-0.33%,457349,1679955
ZQG23,02/20/2023,95.4275,95.43,95.4275,95.43,0.0025,0.00%,581493,1880126
ZQG23,02/13/2023,95.4325,95.4325,95.4275,95.4275,-0.0025,0.00%,523063,1715788
ZQG23,02/06/2023,95.4275,95.4325,95.425,95.43,0.0025,0.00%,562581,1627755
ZQG23,01/30/2023,95.42,95.43,95.415,95.4275,0.0025,0.00%,580307,1623916
ZQG23,01/23/2023,95.425,95.425,95.415,95.425,0.005,0.01%,299270,1819933
ZQG23,01/16/2023,95.41,95.425,95.4,95.42,0.015,0.02%,400046,1698215
ZQG23,01/09/2023,95.36,95.415,95.295,95.405,0.045,0.05%,466972,1564645
ZQF23,01/02/2023,95.6675,95.67,95.305,95.36,-0.31,-0.32%,394460,1359625
ZQF23,12/26/2022,95.665,95.67,95.665,95.67,0.005,0.01%,134266,1490141
ZQF23,12/19/2022,95.665,95.67,95.66,95.665,-0.005,-0.01%,152747,1533380
ZQF23,12/12/2022,95.65,95.67,95.64,95.67,0.02,0.02%,375931,1425406
ZQF23,12/05/2022,95.65,95.655,95.64,95.65,0,0.00%,174484,1336690
ZQF23,11/28/2022,95.625,95.65,95.62,95.65,0.02,0.02%,348776,1439265
ZQF23,11/21/2022,95.63,95.64,95.605,95.63,0.005,0.01%,315508,1592124
ZQF23,11/14/2022,95.645,95.66,95.62,95.625,-0.02,-0.02%,278042,1499697
ZQX22,11/07/2022,96.215,96.22,95.645,95.645,-0.57,-0.59%,254773,1487706
ZQX22,10/31/2022,96.2225,96.225,96.2125,96.215,-0.01,-0.01%,449747,1408000
ZQX22,10/24/2022,96.21,96.23,96.2,96.225,0.02,0.02%,314073,1703837
ZQV22,10/17/2022,96.9175,96.92,96.195,96.205,-0.7125,-0.74%,283891,1663570
ZQV22,10/10/2022,96.92,96.92,96.915,96.9175,-0.0025,0.00%,315392,1635379
ZQV22,10/03/2022,96.9175,96.92,96.915,96.92,0.005,0.01%,342381,1533882
ZQV22,09/26/2022,96.91,96.92,96.885,96.915,0.01,0.01%,384729,1700692
ZQV22,09/19/2022,96.875,96.915,96.86,96.905,0.025,0.03%,502822,1750108
ZQV22,09/12/2022,96.945,96.955,96.795,96.88,-0.06,-0.06%,484862,1592830
ZQV22,09/05/2022,97.03,97.035,96.94,96.94,-0.085,-0.09%,270475,1416085
ZQQ22,08/29/2022,97.67,97.67,96.975,97.025,-0.6425,-0.66%,236198,1563223
ZQQ22,08/22/2022,97.6675,97.67,97.665,97.6675,0,0.00%,278816,1789954
ZQQ22,08/15/2022,97.6675,97.67,97.665,97.6675,0,0.00%,215843,1682425
ZQQ22,08/08/2022,97.6575,97.67,97.6475,97.6675,0.0125,0.01%,308959,1615427
ZQQ22,08/01/2022,97.6675,97.67,97.64,97.655,-0.015,-0.02%,287898,1539062
ZQQ22,07/25/2022,97.65,97.67,97.63,97.67,0.02,0.02%,310342,1810851
ZQQ22,07/18/2022,97.63,97.675,97.595,97.65,0.025,0.03%,282597,1792199
ZQN22,07/11/2022,98.32,98.3225,97.465,97.625,-0.695,-0.71%,499931,1670847
ZQN22,07/04/2022,98.3275,98.33,98.32,98.32,-0.005,-0.01%,274493,1596643
ZQN22,06/27/2022,98.3175,98.3325,98.315,98.325,0.005,0.01%,258718,1690271
ZQN22,06/20/2022,98.31,98.325,98.31,98.32,0.005,0.01%,368005,1715845
ZQN22,06/13/2022,98.54,98.54,98.205,98.315,-0.225,-0.23%,703954,1659052
ZQN22,06/06/2022,98.595,98.6,98.51,98.54,-0.055,-0.06%,288868,1605332
ZQN22,05/30/2022,98.605,98.605,98.59,98.595,-0.005,-0.01%,175690,1553381
ZQN22,05/23/2022,98.585,98.605,98.57,98.6,0.01,0.01%,208226,1875722
ZQK22,05/16/2022,99.2325,99.235,98.57,98.59,-0.645,-0.65%,199825,1802604
ZQK22,05/09/2022,99.2325,99.235,99.23,99.235,0.0025,0.00%,245499,1763588
ZQK22,05/02/2022,99.2175,99.2325,99.2075,99.2325,0.0175,0.02%,381745,1686525
ZQJ22,04/25/2022,99.6675,99.6725,99.215,99.215,-0.4525,-0.45%,228504,2024975
ZQJ22,04/18/2022,99.67,99.67,99.6675,99.6675,-0.0025,0.00%,300220,2100355
ZQJ22,04/11/2022,99.6575,99.67,99.6525,99.67,0.015,0.02%,281020,2083756
ZQJ22,04/04/2022,99.66,99.66,99.6525,99.655,-0.0025,0.00%,232563,2053249
ZQJ22,03/28/2022,99.655,99.66,99.65,99.6575,0.0025,0.00%,300228,2078517
ZQJ22,03/21/2022,99.66,99.665,99.645,99.655,-0.005,-0.01%,376898,2115088
ZQJ22,03/14/2022,99.655,99.665,99.63,99.66,0,0.00%,526853,2080859
ZQJ22,03/07/2022,99.685,99.695,99.64,99.66,-0.02,-0.02%,314653,1967529
ZQJ22,02/28/2022,99.65,99.7,99.63,99.68,0.08,0.08%,580855,1890721
ZQJ22,02/21/2022,99.61,99.655,99.56,99.6,-0.005,-0.01%,496504,2095206
ZQJ22,02/14/2022,99.56,99.615,99.495,99.605,0.06,0.06%,363176,2017177
ZQJ22,02/07/2022,99.56,99.6,99.43,99.545,-0.015,-0.02%,603889,1852790
ZQJ22,01/31/2022,99.615,99.645,99.545,99.56,-0.065,-0.07%,380148,1715545
ZQJ22,01/24/2022,99.66,99.69,99.585,99.625,-0.04,-0.04%,529941,1808824
ZQJ22,01/17/2022,99.67,99.67,99.635,99.665,-0.01,-0.01%,378173,1736958
ZQJ22,01/10/2022,99.7,99.71,99.675,99.675,-0.03,-0.03%,280125,1556321
ZQG22,01/03/2022,99.905,99.915,99.695,99.705,-0.2,-0.20%,249665,1353442
ZQG22,12/27/2021,99.91,99.915,99.905,99.905,0,0.00%,57409,1354055
ZQG22,12/20/2021,99.905,99.91,99.9,99.905,0,0.00%,77419,1367884
ZQG22,12/13/2021,99.905,99.91,99.89,99.905,0,0.00%,243948,1346531
ZQG22,12/06/2021,99.91,99.91,99.905,99.905,-0.005,-0.01%,165276,1339644
ZQG22,11/29/2021,99.915,99.92,99.905,99.91,-0.005,-0.01%,328701,1341898
ZQG22,11/22/2021,99.91,99.92,99.905,99.915,0.005,0.01%,279575,1306677
ZQG22,11/15/2021,99.915,99.92,99.905,99.91,0,0.00%,175592,1227119
ZQG22,11/08/2021,99.92,99.92,99.91,99.91,-0.01,-0.01%,126932,1172918
ZQG22,11/01/2021,99.91,99.925,99.91,99.92,0.01,0.01%,235233,1162108
ZQG22,10/25/2021,99.905,99.915,99.905,99.91,0.005,0.01%,200377,1266367
ZQV21,10/18/2021,99.9225,99.925,99.905,99.905,-0.0175,-0.02%,259359,1247642
ZQV21,10/11/2021,99.9225,99.925,99.92,99.9225,0,0.00%,161755,1201463
ZQV21,10/04/2021,99.92,99.925,99.92,99.9225,0.0025,0.00%,107426,1132304
ZQV21,09/27/2021,99.92,99.925,99.9175,99.92,0,0.00%,102224,1146477
ZQV21,09/20/2021,99.92,99.925,99.915,99.92,0,0.00%,83150,1130336
ZQV21,09/13/2021,99.925,99.93,99.915,99.92,-0.005,-0.01%,86369,1078353
ZQU21,09/06/2021,99.9275,99.93,99.92,99.925,0,0.00%,49820,1006017
ZQU21,08/30/2021,99.9175,99.9275,99.915,99.925,0.02,0.02%,62563,988569
ZQQ21,08/23/2021,99.9075,99.9075,99.905,99.905,0,0.00%,63064,1049211
ZQQ21,08/16/2021,99.9025,99.9075,99.9025,99.905,0.0025,0.00%,62127,1023906
ZQQ21,08/09/2021,99.9025,99.905,99.9025,99.9025,0,0.00%,40579,992290
ZQQ21,08/02/2021,99.9075,99.91,99.9025,99.9025,-0.0075,-0.01%,68003,974868
ZQN21,07/26/2021,99.9,99.91,99.9,99.91,0.01,0.01%,66229,1063009
ZQN21,07/19/2021,99.9025,99.905,99.9,99.9,-0.0025,0.00%,75920,1096113
ZQN21,07/12/2021,99.9025,99.905,99.9025,99.9025,0,0.00%,85330,1078439
ZQN21,07/05/2021,99.9025,99.905,99.9025,99.9025,0,0.00%,68776,1028083
ZQN21,06/28/2021,99.905,99.91,99.9025,99.9025,-0.0025,0.00%,51786,1024625
ZQN21,06/21/2021,99.905,99.91,99.9,99.905,0.005,0.01%,117063,1066791
ZQN21,06/14/2021,99.93,99.93,99.895,99.9,-0.025,-0.03%,237297,1063791
ZQN21,06/07/2021,99.92,99.93,99.92,99.925,0.005,0.01%,60852,1059352
ZQN21,05/31/2021,99.92,99.925,99.915,99.92,0,0.00%,69228,1030356
ZQK21,05/24/2021,99.9425,99.9425,99.915,99.92,-0.02,-0.02%,91012,1105675
ZQK21,05/17/2021,99.94,99.9425,99.9375,99.94,0.0025,0.00%,80035,1095294
ZQK21,05/10/2021,99.9375,99.94,99.935,99.9375,0,0.00%,41414,1049410
ZQK21,05/03/2021,99.93,99.9375,99.925,99.9375,0.0075,0.01%,107395,1001807
ZQJ21,04/26/2021,99.93,99.935,99.92,99.93,0,0.00%,99403,1045183
ZQJ21,04/19/2021,99.93,99.9325,99.9275,99.93,0,0.00%,40171,1058370
ZQJ21,04/12/2021,99.9325,99.9325,99.9275,99.93,-0.0025,0.00%,88881,1043582
ZQJ21,04/05/2021,99.9375,99.9375,99.93,99.9325,-0.005,-0.01%,73218,1020222
ZQJ21,03/29/2021,99.935,99.9425,99.9325,99.9375,0.0025,0.00%,90966,1057720
ZQJ21,03/22/2021,99.935,99.94,99.93,99.935,0,0.00%,89899,1098169
ZQJ21,03/15/2021,99.93,99.94,99.92,99.935,0.005,0.01%,144279,1065687
ZQJ21,03/08/2021,99.93,99.935,99.925,99.93,0,0.00%,85957,1020012
ZQJ21,03/01/2021,99.925,99.93,99.92,99.93,0.01,0.01%,90264,995896
ZQG21,02/22/2021,99.9275,99.93,99.915,99.92,-0.0075,-0.01%,132506,1156837
ZQG21,02/15/2021,99.9275,99.9275,99.9225,99.9275,0,0.00%,97780,1166634
ZQG21,02/08/2021,99.935,99.9375,99.925,99.9275,-0.0075,-0.01%,80839,1130521
ZQG21,02/01/2021,99.94,99.94,99.9275,99.935,-0.005,-0.01%,120719,1061905
ZQG21,01/25/2021,99.925,99.945,99.92,99.94,0.02,0.02%,161788,1094582
ZQF21,01/18/2021,99.9125,99.925,99.91,99.92,0.01,0.01%,66208,1070343
ZQF21,01/11/2021,99.915,99.915,99.91,99.91,-0.0025,0.00%,49864,1040879
ZQF21,01/04/2021,99.9175,99.92,99.9125,99.9125,-0.0075,-0.01%,92680,1007997
ZQF21,12/28/2020,99.915,99.92,99.915,99.92,0.005,0.01%,25709,1077837
ZQF21,12/21/2020,99.915,99.92,99.91,99.915,0.005,0.01%,46495,1097280
ZQF21,12/14/2020,99.92,99.92,99.91,99.91,-0.01,-0.01%,74906,1077746
ZQF21,12/07/2020,99.92,99.925,99.915,99.92,0.005,0.01%,109535,1006034
ZQF21,11/30/2020,99.92,99.925,99.915,99.915,-0.005,-0.01%,76992,962482
ZQX20,11/23/2020,99.91,99.93,99.91,99.92,0.01,0.01%,48544,1077689
ZQX20,11/16/2020,99.91,99.915,99.91,99.91,0,0.00%,63918,1092509
ZQX20,11/09/2020,99.91,99.9125,99.91,99.91,0,0.00%,81802,1107204
ZQX20,11/02/2020,99.9125,99.915,99.91,99.91,-0.005,-0.01%,66544,1068493
ZQV20,10/26/2020,99.9125,99.92,99.91,99.915,0.005,0.01%,68052,1279192
ZQV20,10/19/2020,99.91,99.9125,99.91,99.91,0,0.00%,34258,1345173
ZQV20,10/12/2020,99.9125,99.9125,99.91,99.91,-0.0025,0.00%,41973,1347242
ZQV20,10/05/2020,99.915,99.9175,99.91,99.9125,-0.005,-0.01%,82552,1339394
ZQV20,09/28/2020,99.9175,99.92,99.915,99.9175,-0.0025,0.00%,66760,1412672
ZQV20,09/21/2020,99.915,99.92,99.915,99.92,0.005,0.01%,87254,1466340
ZQV20,09/14/2020,99.915,99.92,99.91,99.915,0,0.00%,80657,1428865
ZQV20,09/07/2020,99.925,99.925,99.91,99.915,-0.005,-0.01%,80547,1417331
ZQV20,08/31/2020,99.925,99.93,99.92,99.92,-0.01,-0.01%,96554,1374640
ZQV20,08/24/2020,99.935,99.935,99.925,99.93,-0.005,-0.01%,121362,1535110
ZQV20,08/17/2020,99.925,99.935,99.92,99.935,0.015,0.02%,67121,1515128
ZQV20,08/10/2020,99.935,99.935,99.92,99.92,-0.015,-0.02%,116724,1508628
ZQV20,08/03/2020,99.935,99.94,99.93,99.935,-0.005,-0.01%,85992,1552374
ZQV20,07/27/2020,99.945,99.945,99.935,99.94,-0.005,-0.01%,109755,1670272
ZQV20,07/20/2020,99.945,99.945,99.935,99.945,0.005,0.01%,57799,1687043
ZQV20,07/13/2020,99.95,99.95,99.94,99.94,-0.005,-0.01%,63070,1688811
ZQV20,07/06/2020,99.95,99.955,99.945,99.945,-0.005,-0.01%,78288,1670928
ZQV20,06/29/2020,99.955,99.96,99.945,99.95,0,0.00%,102567,1680834
ZQV20,06/22/2020,99.94,99.96,99.94,99.95,0.01,0.01%,85908,1762725
ZQV20,06/15/2020,99.935,99.945,99.925,99.94,0.01,0.01%,105706,1731899
ZQN20,06/08/2020,99.94,99.955,99.915,99.93,-0.005,-0.01%,237735,1629795
ZQN20,06/01/2020,99.95,99.95,99.935,99.935,-0.015,-0.02%,175735,1589393
ZQN20,05/25/2020,99.95,99.955,99.94,99.95,0,0.00%,127045,1752619
ZQN20,05/18/2020,99.945,99.955,99.925,99.95,0,0.00%,192704,1809831
ZQK20,05/11/2020,99.95,99.95,99.945,99.95,0.0025,0.00%,196908,1770901
ZQK20,05/04/2020,99.9525,99.955,99.9475,99.9475,-0.005,-0.01%,307231,1623228
ZQK20,04/27/2020,99.9225,99.9575,99.92,99.9525,0.0275,0.03%,276040,1680417
ZQK20,04/20/2020,99.92,99.93,99.92,99.925,0.005,0.01%,164298,1703259
ZQK20,04/13/2020,99.92,99.925,99.91,99.92,0.005,0.01%,152800,1616601
ZQK20,04/06/2020,99.925,99.925,99.9,99.915,-0.01,-0.01%,220768,1557142
ZQK20,03/30/2020,99.93,99.935,99.92,99.925,-0.005,-0.01%,202812,1521169
ZQJ20,03/23/2020,99.89,99.935,99.88,99.93,0.04,0.04%,236265,1700645
ZQJ20,03/16/2020,99.93,99.935,99.845,99.89,0.05,0.05%,488143,1753156
ZQJ20,03/09/2020,99.58,99.87,99.55,99.84,0.35,0.35%,855215,1945054
ZQJ20,03/02/2020,98.835,99.565,98.82,99.49,0.7,0.71%,1213006,1792914
ZQJ20,02/24/2020,98.435,98.795,98.435,98.79,0.355,0.36%,1178803,2001116
ZQJ20,02/17/2020,98.44,98.45,98.425,98.435,0.0175,0.02%,410033,1933399
ZQG20,02/10/2020,98.4125,98.4175,98.41,98.4175,0.005,0.01%,267101,1789272
ZQG20,02/03/2020,98.4125,98.415,98.4075,98.4125,0.0025,0.00%,352764,1677311
ZQG20,01/27/2020,98.425,98.43,98.405,98.41,-0.01,-0.01%,500399,1946838
ZQG20,01/20/2020,98.42,98.425,98.415,98.42,0,0.00%,221517,1911844
ZQG20,01/13/2020,98.425,98.43,98.415,98.42,-0.005,-0.01%,169242,1857348
ZQG20,01/06/2020,98.43,98.44,98.42,98.425,0,0.00%,219024,1799983
ZQF20,12/30/2019,98.4425,98.45,98.42,98.425,-0.015,-0.02%,234796,1739781
ZQF20,12/23/2019,98.44,98.445,98.435,98.44,-0.005,-0.01%,62360,1891316
ZQF20,12/16/2019,98.445,98.45,98.435,98.445,0,0.00%,146785,1874497
ZQF20,12/09/2019,98.445,98.445,98.435,98.445,0.005,0.01%,215798,1851332
ZQF20,12/02/2019,98.44,98.45,98.435,98.44,0,0.00%,259806,1830211
ZQF20,11/25/2019,98.45,98.455,98.44,98.44,-0.01,-0.01%,222212,2117379
ZQF20,11/18/2019,98.46,98.47,98.45,98.45,-0.01,-0.01%,292532,2064336
ZQF20,11/11/2019,98.455,98.47,98.45,98.46,0.005,0.01%,174430,1964277
ZQF20,11/04/2019,98.475,98.475,98.45,98.455,-0.015,-0.02%,305092,1897937
ZQX19,10/28/2019,98.3825,98.51,98.38,98.47,0.085,0.09%,410841,2112697
ZQX19,10/21/2019,98.38,98.39,98.375,98.385,0.005,0.01%,218308,2285729
ZQX19,10/14/2019,98.35,98.385,98.33,98.38,0.045,0.05%,327437,2209973
ZQX19,10/07/2019,98.35,98.395,98.31,98.335,-0.01,-0.01%,426952,2008057
ZQX19,09/30/2019,98.245,98.375,98.24,98.345,0.195,0.20%,381599,1965448
ZQV19,09/23/2019,98.14,98.15,98.1,98.15,0.015,0.02%,363716,2107114
ZQV19,09/16/2019,98.115,98.145,98.085,98.135,0.03,0.03%,737343,2110917
ZQV19,09/09/2019,98.135,98.14,98.105,98.105,-0.03,-0.03%,460750,2027122
ZQV19,09/02/2019,98.155,98.195,98.13,98.135,-0.02,-0.02%,464863,1955477
ZQV19,08/26/2019,98.22,98.225,98.14,98.155,-0.03,-0.03%,348640,2153170
ZQQ19,08/19/2019,97.8725,98.195,97.865,98.185,0.3125,0.32%,385691,1988236
ZQQ19,08/12/2019,97.87,97.8875,97.865,97.8725,0.0025,0.00%,346140,1900629
ZQQ19,08/05/2019,97.85,97.885,97.85,97.87,0.02,0.02%,447870,1908011
ZQQ19,07/29/2019,97.9,97.9425,97.845,97.85,-0.035,-0.04%,610520,2120332
ZQQ19,07/22/2019,97.895,97.91,97.885,97.885,-0.015,-0.02%,353156,2270165
ZQQ19,07/15/2019,97.905,98.02,97.875,97.9,-0.005,-0.01%,483732,2219867
ZQQ19,07/08/2019,97.865,97.93,97.835,97.905,0.04,0.04%,472803,2120401
ZQQ19,07/01/2019,97.92,97.945,97.835,97.865,-0.09,-0.09%,404966,2059548
ZQN19,06/24/2019,97.64,97.96,97.63,97.955,0.32,0.33%,365964,2248797
ZQN19,06/17/2019,97.67,97.695,97.63,97.635,-0.04,-0.04%,733598,2284583
ZQN19,06/10/2019,97.665,97.7,97.65,97.675,-0.005,-0.01%,479801,2261168
ZQN19,06/03/2019,97.65,97.71,97.64,97.68,0.03,0.03%,770550,2208716
ZQN19,05/27/2019,97.625,97.66,97.62,97.65,0.025,0.03%,536147,2421449
ZQN19,05/20/2019,97.635,97.64,97.62,97.625,-0.01,-0.01%,351514,2322212
ZQN19,05/13/2019,97.64,97.67,97.635,97.635,-0.01,-0.01%,443594,2184643
ZQN19,05/06/2019,97.62,97.65,97.62,97.645,0.03,0.03%,331772,2000662
ZQK19,04/29/2019,97.5825,97.625,97.5775,97.615,0.035,0.04%,450129,1944565
ZQK19,04/22/2019,97.58,97.59,97.57,97.58,-0.005,-0.01%,439713,1958995
ZQJ19,04/15/2019,97.59,97.5925,97.58,97.585,-0.005,-0.01%,235212,1786671
ZQJ19,04/08/2019,97.5925,97.5925,97.5875,97.59,0,0.00%,217757,1768500
ZQJ19,04/01/2019,97.595,97.5975,97.59,97.59,-0.005,-0.01%,249755,1783509
ZQJ19,03/25/2019,97.595,97.6,97.59,97.595,0,0.00%,465194,1847172
ZQJ19,03/18/2019,97.605,97.605,97.59,97.595,-0.005,-0.01%,362331,1770576
ZQJ19,03/11/2019,97.6,97.605,97.595,97.6,0,0.00%,175911,1712767
ZQJ19,03/04/2019,97.595,97.605,97.595,97.6,0.005,0.01%,190437,1655278
ZQJ19,02/25/2019,97.6,97.6,97.595,97.595,-0.005,-0.01%,261447,1792552
ZQJ19,02/18/2019,97.6,97.605,97.595,97.6,-0.005,-0.01%,193831,1840655
ZQJ19,02/11/2019,97.605,97.61,97.6,97.605,-0.005,-0.01%,141820,1827860
ZQG19,02/04/2019,97.6,97.61,97.595,97.61,0.01,0.01%,188972,1792147
ZQF19,01/28/2019,97.5975,97.6025,97.595,97.6,0.0025,0.00%,298960,1928716
ZQF19,01/21/2019,97.5975,97.6,97.5975,97.5975,0,0.00%,180539,2032495
ZQF19,01/14/2019,97.5975,97.6,97.5975,97.5975,0,0.00%,261946,2031916
ZQF19,01/07/2019,97.6,97.6,97.5975,97.5975,-0.0025,0.00%,304828,2019870
ZQF19,12/31/2018,97.5975,97.6025,97.5975,97.6,0,0.00%,532982,2088098
ZQF19,12/24/2018,97.6,97.61,97.595,97.6,0,0.00%,226229,2253225
ZQF19,12/17/2018,97.62,97.645,97.595,97.6,-0.02,-0.02%,583698,2210048
ZQF19,12/10/2018,97.625,97.64,97.61,97.62,-0.005,-0.01%,351058,2068775
ZQZ18,12/03/2018,97.725,97.7275,97.605,97.625,-0.1,-0.10%,361739,1932397
ZQZ18,11/26/2018,97.72,97.73,97.715,97.725,0.005,0.01%,366167,1951281
ZQZ18,11/19/2018,97.725,97.73,97.715,97.72,0,0.00%,260510,1914668
ZQZ18,11/12/2018,97.71,97.725,97.705,97.72,0.01,0.01%,271188,1811579
ZQZ18,11/05/2018,97.72,97.73,97.705,97.71,-0.01,-0.01%,177071,1797537
ZQZ18,10/29/2018,97.73,97.735,97.72,97.72,-0.01,-0.01%,248729,1847445
ZQZ18,10/22/2018,97.72,97.74,97.715,97.73,0.01,0.01%,316278,1866746
ZQZ18,10/15/2018,97.735,97.74,97.715,97.72,-0.015,-0.02%,283403,1819572
ZQZ18,10/08/2018,97.73,97.75,97.725,97.735,0.005,0.01%,214211,1767227
ZQZ18,10/01/2018,97.745,97.745,97.73,97.73,-0.015,-0.02%,321149,1777360
ZQV18,09/24/2018,97.83,97.835,97.74,97.745,-0.085,-0.09%,226239,1834213
ZQV18,09/17/2018,97.835,97.835,97.825,97.83,-0.005,-0.01%,221467,1786076
ZQV18,09/10/2018,97.84,97.845,97.83,97.835,-0.005,-0.01%,235692,1777168
ZQV18,09/03/2018,97.84,97.845,97.84,97.84,-0.005,-0.01%,171491,1823939
ZQV18,08/27/2018,97.845,97.845,97.84,97.845,0,0.00%,108180,1975459
ZQV18,08/20/2018,97.855,97.865,97.84,97.845,-0.01,-0.01%,164937,1952777
ZQV18,08/13/2018,97.87,97.87,97.85,97.855,-0.01,-0.01%,211463,1910479
ZQV18,08/06/2018,97.86,97.87,97.85,97.865,0.005,0.01%,175503,1789061
ZQV18,07/30/2018,97.85,97.86,97.85,97.86,0.005,0.01%,116185,1806036
ZQV18,07/23/2018,97.86,97.865,97.85,97.855,-0.005,-0.01%,121923,1951397
ZQV18,07/16/2018,97.875,97.875,97.85,97.86,-0.015,-0.02%,167213,1896899
ZQV18,07/09/2018,97.885,97.885,97.87,97.875,-0.205,-0.21%,100627,1905222
ZQQ18,07/02/2018,98.075,98.085,98.07,98.08,0.005,0.01%,98898,1914719
ZQQ18,06/25/2018,98.07,98.08,98.065,98.075,0.01,0.01%,166339,2021510
ZQN18,06/18/2018,98.095,98.095,98.055,98.065,-0.025,-0.03%,274914,2045492
ZQN18,06/11/2018,98.09,98.095,98.075,98.09,0,0.00%,427762,1955206
ZQN18,06/04/2018,98.09,98.09,98.08,98.09,0.005,0.01%,214633,1910874
ZQN18,05/28/2018,98.09,98.125,98.08,98.085,0,0.00%,611953,2003455
ZQN18,05/21/2018,98.055,98.095,98.05,98.085,0.03,0.03%,482569,2188274
ZQN18,05/14/2018,98.055,98.06,98.05,98.055,-0.005,-0.01%,207212,2199385
ZQN18,05/07/2018,98.06,98.065,98.055,98.06,0,0.00%,173404,2174878
ZQN18,04/30/2018,98.07,98.075,98.06,98.06,-0.005,-0.01%,209982,2174438
ZQN18,04/23/2018,98.085,98.085,98.065,98.065,-0.02,-0.02%,185268,2457837
ZQJ18,04/16/2018,98.315,98.315,98.08,98.085,-0.23,-0.23%,214515,2414801
ZQJ18,04/09/2018,98.315,98.3175,98.3125,98.315,-0.0025,0.00%,218127,2370067
ZQJ18,04/02/2018,98.3225,98.325,98.315,98.3175,-0.0075,-0.01%,266819,2338838
ZQJ18,03/26/2018,98.32,98.325,98.32,98.325,0,0.00%,244006,2421061
ZQJ18,03/19/2018,98.325,98.33,98.31,98.325,-0.005,-0.01%,373221,2342193
ZQJ18,03/12/2018,98.335,98.34,98.325,98.33,-0.01,-0.01%,245154,2160552
ZQJ18,03/05/2018,98.35,98.35,98.335,98.34,-0.01,-0.01%,212316,2027553
ZQJ18,02/26/2018,98.34,98.355,98.335,98.35,0.005,0.01%,386482,2097591
ZQJ18,02/19/2018,98.345,98.35,98.34,98.345,0,0.00%,369535,2127856
ZQJ18,02/12/2018,98.37,98.37,98.34,98.345,-0.035,-0.04%,269329,1896833
ZQJ18,02/05/2018,98.36,98.41,98.36,98.38,0.02,0.02%,508538,1687565
ZQG18,01/29/2018,98.575,98.5825,98.35,98.36,-0.215,-0.22%,288289,1605514
ZQG18,01/22/2018,98.585,98.585,98.56,98.575,-0.005,-0.01%,225352,1659265
ZQF18,01/15/2018,98.585,98.5875,98.58,98.58,-0.0075,-0.01%,175726,1542785
ZQF18,01/08/2018,98.5875,98.5875,98.585,98.5875,0,0.00%,153171,1481477
ZQF18,01/01/2018,98.5925,98.5925,98.585,98.5875,-0.0075,-0.01%,188359,1423710
ZQF18,12/25/2017,98.595,98.595,98.59,98.595,0,0.00%,44550,1464655
ZQF18,12/18/2017,98.595,98.6,98.59,98.595,-0.005,-0.01%,108180,1468344
ZQF18,12/11/2017,98.6,98.605,98.59,98.6,-0.005,-0.01%,216682,1472478
ZQF18,12/04/2017,98.605,98.605,98.6,98.605,-0.005,-0.01%,156318,1437794
ZQF18,11/27/2017,98.605,98.61,98.6,98.61,0,0.00%,198065,1458284
ZQF18,11/20/2017,98.61,98.61,98.605,98.61,0,0.00%,99068,1461229
ZQF18,11/13/2017,98.615,98.625,98.605,98.61,-0.005,-0.01%,143292,1418109
ZQF18,11/06/2017,98.62,98.62,98.61,98.615,-0.005,-0.01%,109699,1372388
ZQF18,10/30/2017,98.63,98.635,98.615,98.62,-0.01,-0.01%,131320,1400605
ZQF18,10/23/2017,98.635,98.64,98.62,98.63,-0.01,-0.01%,123971,1565886
ZQF18,10/16/2017,98.66,98.66,98.63,98.64,-0.02,-0.02%,142624,1532079
ZQF18,10/09/2017,98.65,98.67,98.645,98.66,0.01,0.01%,119150,1551364
ZQF18,10/02/2017,98.67,98.68,98.635,98.65,-0.03,-0.03%,162779,1513970
ZQF18,09/25/2017,98.68,98.695,98.66,98.68,0,0.00%,180281,1584088
ZQF18,09/18/2017,98.725,98.73,98.67,98.68,-0.045,-0.05%,197378,1646004
ZQF18,09/11/2017,98.785,98.785,98.715,98.725,-0.06,-0.06%,186952,1724709
ZQF18,09/04/2017,98.76,98.8,98.755,98.785,0.03,0.03%,270520,1703692
ZQF18,08/28/2017,98.755,98.78,98.75,98.755,0,0.00%,155556,1699146
ZQF18,08/21/2017,98.75,98.77,98.745,98.755,0,0.00%,116342,1698050
ZQF18,08/14/2017,98.77,98.77,98.73,98.755,-0.015,-0.02%,141166,1641768
ZQV17,08/07/2017,98.835,98.84,98.735,98.77,-0.065,-0.07%,145880,1535314
ZQV17,07/31/2017,98.835,98.84,98.83,98.835,0,0.00%,103224,1466833
ZQV17,07/24/2017,98.825,98.84,98.815,98.835,0.01,0.01%,153334,1664274
ZQV17,07/17/2017,98.82,98.83,98.815,98.825,0.005,0.01%,101578,1637627
ZQV17,07/10/2017,98.805,98.825,98.8,98.82,0.02,0.02%,150008,1591381
ZQV17,07/03/2017,98.8,98.805,98.78,98.8,0.005,0.01%,190366,1559038
ZQN17,06/26/2017,98.85,98.85,98.795,98.795,-0.055,-0.06%,141649,1679173
ZQN17,06/19/2017,98.845,98.855,98.845,98.85,0,0.00%,143226,1740507
ZQN17,06/12/2017,98.86,98.875,98.845,98.85,-0.01,-0.01%,349563,1705813
ZQN17,06/05/2017,98.865,98.875,98.855,98.86,-0.01,-0.01%,135512,1625145
ZQN17,05/29/2017,98.89,98.9,98.865,98.87,-0.02,-0.02%,264142,1589574
ZQN17,05/22/2017,98.91,98.91,98.885,98.89,-0.025,-0.03%,204132,1676666
ZQN17,05/15/2017,98.915,98.96,98.905,98.915,-0.005,-0.01%,314218,1567315
ZQN17,05/08/2017,98.9,98.925,98.885,98.92,0.015,0.02%,269212,1431084
ZQK17,05/01/2017,99.0925,99.095,98.895,98.905,-0.19,-0.19%,206951,1307735
ZQJ17,04/24/2017,99.105,99.1075,99.09,99.095,-0.0125,-0.01%,194497,1602201
ZQJ17,04/17/2017,99.1075,99.1075,99.105,99.1075,0,0.00%,188606,1674544
ZQJ17,04/10/2017,99.105,99.1075,99.105,99.1075,0,0.00%,181163,1658571
ZQJ17,04/03/2017,99.1075,99.11,99.105,99.1075,-0.0025,0.00%,234772,1586752
ZQJ17,03/27/2017,99.11,99.11,99.105,99.11,0,0.00%,131567,1649459
ZQJ17,03/20/2017,99.11,99.11,99.105,99.11,0,0.00%,155167,1646980
ZQJ17,03/13/2017,99.115,99.12,99.105,99.11,-0.01,-0.01%,244307,1584294
ZQJ17,03/06/2017,99.14,99.14,99.115,99.12,-0.02,-0.02%,304977,1439772
ZQJ17,02/27/2017,99.275,99.275,99.13,99.14,-0.135,-0.14%,564965,1452100
ZQJ17,02/20/2017,99.295,99.295,99.275,99.275,-0.015,-0.02%,445748,1581857
ZQJ17,02/13/2017,99.3,99.305,99.26,99.29,-0.015,-0.02%,364581,1368408
ZQJ17,02/06/2017,99.305,99.32,99.3,99.305,0.005,0.01%,162169,1224895
ZQJ17,01/30/2017,99.285,99.32,99.265,99.3,0.02,0.02%,255035,1150908
ZQJ17,01/23/2017,99.295,99.305,99.27,99.28,-0.01,-0.01%,142537,1138991
ZQJ17,01/16/2017,99.29,99.3,99.27,99.29,0,0.00%,179484,1018592
ZQJ17,01/09/2017,99.28,99.31,99.28,99.29,0.01,0.01%,135251,992087
ZQJ17,01/02/2017,99.29,99.295,99.275,99.28,-0.01,-0.01%,200985,916836
ZQJ17,12/26/2016,99.285,99.295,99.285,99.29,0,0.00%,25562,954804
ZQJ17,12/19/2016,99.29,99.3,99.285,99.29,0.005,0.01%,49507,996590
ZQF17,12/12/2016,99.355,99.36,99.265,99.285,-0.075,-0.08%,207350,967501
ZQF17,12/05/2016,99.365,99.365,99.355,99.36,-0.005,-0.01%,89422,902585
ZQF17,11/28/2016,99.37,99.375,99.36,99.365,-0.005,-0.01%,104958,909696
ZQF17,11/21/2016,99.375,99.38,99.365,99.37,-0.01,-0.01%,124704,958929
ZQF17,11/14/2016,99.415,99.415,99.375,99.38,-0.035,-0.04%,130309,917036
ZQF17,11/07/2016,99.43,99.515,99.395,99.415,-0.02,-0.02%,235271,890453
ZQX16,10/31/2016,99.5825,99.5975,99.42,99.435,-0.15,-0.15%,163791,892563
ZQV16,10/24/2016,99.6025,99.605,99.58,99.585,-0.02,-0.02%,88958,1184119
ZQV16,10/17/2016,99.6025,99.605,99.6025,99.605,0,0.00%,85014,1143526
ZQV16,10/10/2016,99.6075,99.6075,99.6025,99.605,0,0.00%,100773,1118252
ZQV16,10/03/2016,99.61,99.61,99.6025,99.605,-0.005,-0.01%,169841,1101413
ZQV16,09/26/2016,99.605,99.61,99.605,99.61,0,0.00%,116204,1124514
ZQV16,09/19/2016,99.58,99.61,99.56,99.61,0.035,0.04%,222579,1133925
ZQV16,09/12/2016,99.55,99.585,99.55,99.575,0.025,0.03%,141460,1064909
ZQV16,09/05/2016,99.55,99.575,99.52,99.55,0.005,0.01%,204722,1017114
ZQV16,08/29/2016,99.52,99.59,99.515,99.545,0.025,0.03%,199417,959326
ZQV16,08/22/2016,99.565,99.565,99.515,99.52,-0.05,-0.05%,153600,940010
ZQV16,08/15/2016,99.58,99.585,99.555,99.57,-0.015,-0.02%,129855,864949
ZQV16,08/08/2016,99.555,99.585,99.555,99.585,0.025,0.03%,106724,819834
ZQV16,08/01/2016,99.575,99.585,99.555,99.56,-0.02,-0.02%,131261,779034
ZQV16,07/25/2016,99.555,99.58,99.535,99.58,-0.0275,-0.03%,137079,845780
ZQN16,07/18/2016,99.6075,99.61,99.605,99.6075,0,0.00%,97902,834737
ZQN16,07/11/2016,99.6125,99.6125,99.605,99.6075,-0.005,-0.01%,84305,814804
ZQN16,07/04/2016,99.615,99.62,99.61,99.6125,-0.0075,-0.01%,126046,819250
ZQN16,06/27/2016,99.64,99.6475,99.615,99.62,-0.015,-0.02%,152021,905227
ZQN16,06/20/2016,99.625,99.67,99.625,99.635,0.005,0.01%,195284,1006174
ZQN16,06/13/2016,99.63,99.635,99.625,99.63,0,0.00%,199715,1008860
ZQN16,06/06/2016,99.615,99.63,99.61,99.63,0.015,0.02%,131056,920529
ZQN16,05/30/2016,99.54,99.62,99.535,99.615,0.065,0.07%,255111,909223
ZQN16,05/23/2016,99.555,99.56,99.525,99.55,-0.005,-0.01%,145981,975445
ZQN16,05/16/2016,99.615,99.615,99.54,99.555,-0.06,-0.06%,185639,942507
ZQN16,05/09/2016,99.61,99.62,99.605,99.615,0.01,0.01%,68421,937809
ZQN16,05/02/2016,99.595,99.62,99.59,99.605,0.01,0.01%,129076,864966
ZQN16,04/25/2016,99.575,99.6,99.545,99.595,0.015,0.02%,131044,947100
ZQK16,04/18/2016,99.635,99.635,99.57,99.58,-0.05,-0.05%,115530,990831
ZQK16,04/11/2016,99.635,99.635,99.63,99.63,0,0.00%,69294,946110
ZQK16,04/04/2016,99.63,99.635,99.625,99.63,0.005,0.01%,90146,872388
ZQK16,03/28/2016,99.605,99.63,99.605,99.625,0.015,0.02%,120660,817766
ZQK16,03/21/2016,99.615,99.615,99.595,99.61,-0.005,-0.01%,78676,794065
ZQK16,03/14/2016,99.57,99.625,99.545,99.615,0.045,0.05%,187000,800472
ZQK16,03/07/2016,99.575,99.58,99.565,99.57,-0.005,-0.01%,77025,766473
ZQJ16,02/29/2016,99.595,99.605,99.555,99.575,-0.025,-0.03%,107311,741882
ZQJ16,02/22/2016,99.61,99.61,99.595,99.6,-0.01,-0.01%,82829,798058
ZQJ16,02/15/2016,99.625,99.63,99.605,99.61,-0.02,-0.02%,68826,769743
ZQJ16,02/08/2016,99.6,99.655,99.595,99.63,0.03,0.03%,200685,765446
ZQJ16,02/01/2016,99.585,99.61,99.57,99.6,0.01,0.01%,145057,753048
ZQF16,01/25/2016,99.66,99.66,99.58,99.59,-0.0725,-0.07%,121578,796123
ZQF16,01/18/2016,99.6625,99.665,99.6575,99.6625,-0.0025,0.00%,110895,802180
ZQF16,01/11/2016,99.665,99.665,99.6625,99.665,0,0.00%,133453,759445
ZQF16,01/04/2016,99.665,99.6675,99.6625,99.665,0,0.00%,112594,709261
ZQF16,12/28/2015,99.655,99.67,99.655,99.665,0.01,0.01%,36255,729661
ZQF16,12/21/2015,99.655,99.66,99.65,99.655,0,0.00%,35290,737960
ZQF16,12/14/2015,99.695,99.695,99.65,99.655,-0.035,-0.04%,178096,753678
ZQF16,12/07/2015,99.685,99.7,99.675,99.69,0,0.00%,134076,698931
ZQF16,11/30/2015,99.69,99.7,99.68,99.69,-0.005,-0.01%,96726,662329
ZQF16,11/23/2015,99.7,99.7,99.685,99.695,-0.01,-0.01%,68120,830377
ZQF16,11/16/2015,99.725,99.73,99.7,99.705,-0.005,-0.01%,64753,779924
ZQF16,11/09/2015,99.705,99.72,99.7,99.71,-0.1625,-0.16%,42343,758490
ZQX15,11/02/2015,99.8675,99.875,99.8675,99.8725,0.0075,0.01%,89176,739080
ZQX15,10/26/2015,99.86,99.87,99.855,99.865,0.005,0.01%,96053,882540
ZQX15,10/19/2015,99.86,99.865,99.855,99.86,0,0.00%,55624,915357
ZQX15,10/12/2015,99.85,99.865,99.85,99.86,0.01,0.01%,78909,889363
ZQX15,10/05/2015,99.855,99.855,99.85,99.85,0,0.00%,58680,854695
ZQX15,09/28/2015,99.83,99.86,99.83,99.85,0.02,0.02%,118921,869490
ZQV15,09/21/2015,99.855,99.86,99.825,99.83,-0.025,-0.03%,102936,890472
ZQV15,09/14/2015,99.805,99.86,99.79,99.855,0.05,0.05%,251380,935438
ZQV15,09/07/2015,99.795,99.81,99.79,99.805,0.005,0.01%,110127,859967
ZQV15,08/31/2015,99.775,99.82,99.77,99.8,0.02,0.02%,121859,817302
ZQV15,08/24/2015,99.795,99.83,99.78,99.78,-0.01,-0.01%,172475,909992
ZQV15,08/17/2015,99.75,99.8,99.75,99.79,0.035,0.04%,104919,864630
ZQV15,08/10/2015,99.74,99.785,99.73,99.755,0.015,0.02%,112065,868372
ZQV15,08/03/2015,99.78,99.8,99.725,99.74,-0.035,-0.04%,100063,813254
ZQV15,07/27/2015,99.77,99.79,99.745,99.775,0.005,0.01%,108561,880874
ZQN15,07/20/2015,99.87,99.87,99.765,99.77,-0.1,-0.10%,38033,890874
ZQN15,07/13/2015,99.8675,99.8725,99.8675,99.87,0.0025,0.00%,70287,895113
ZQN15,07/06/2015,99.8675,99.8725,99.865,99.8675,0.0025,0.00%,86775,876944
ZQN15,06/29/2015,99.865,99.87,99.865,99.865,0,0.00%,104126,857419
ZQN15,06/22/2015,99.865,99.87,99.86,99.865,0,0.00%,47721,884289
ZQN15,06/15/2015,99.86,99.87,99.855,99.865,0.005,0.01%,118774,867062
ZQN15,06/08/2015,99.855,99.865,99.855,99.86,0,0.00%,54123,827839
ZQN15,06/01/2015,99.865,99.865,99.85,99.86,0,0.00%,63669,792756
ZQN15,05/25/2015,99.855,99.865,99.855,99.86,0.005,0.01%,47383,830900
ZQN15,05/18/2015,99.86,99.865,99.855,99.855,-0.005,-0.01%,52339,854859
ZQN15,05/11/2015,99.86,99.865,99.855,99.86,0.005,0.01%,55104,823128
ZQN15,05/04/2015,99.85,99.86,99.845,99.855,0.005,0.01%,59892,781829
ZQN15,04/27/2015,99.855,99.855,99.845,99.85,0,0.00%,69784,786799
ZQN15,04/20/2015,99.85,99.855,99.845,99.85,0,0.00%,38860,778373
ZQN15,04/13/2015,99.835,99.855,99.835,99.85,0.01,0.01%,56105,753126
ZQN15,04/06/2015,99.85,99.85,99.835,99.84,-0.01,-0.01%,42246,725484
ZQN15,03/30/2015,99.835,99.855,99.825,99.85,0.02,0.02%,43482,718820
ZQN15,03/23/2015,99.815,99.84,99.815,99.83,0.015,0.02%,46536,755541
ZQN15,03/16/2015,99.78,99.83,99.775,99.815,0.04,0.04%,93044,759966
ZQN15,03/09/2015,99.755,99.785,99.755,99.775,0.015,0.02%,77616,727508
ZQN15,03/02/2015,99.785,99.795,99.75,99.76,-0.03,-0.03%,63536,668809
ZQK15,02/23/2015,99.865,99.87,99.78,99.79,-0.075,-0.08%,67013,691429
ZQK15,02/16/2015,99.86,99.87,99.855,99.865,0.005,0.01%,47413,681021
ZQK15,02/09/2015,99.845,99.865,99.845,99.86,0.01,0.01%,47188,686120
ZQK15,02/02/2015,99.865,99.865,99.84,99.85,-0.01,-0.01%,72014,702100
ZQK15,01/26/2015,99.86,99.865,99.85,99.86,-0.005,-0.01%,49246,727722
ZQK15,01/19/2015,99.86,99.87,99.855,99.865,-0.005,-0.01%,50788,733571
ZQK15,01/12/2015,99.855,99.875,99.85,99.87,0.02,0.02%,65622,726538
ZQK15,01/05/2015,99.84,99.855,99.835,99.85,0.015,0.02%,67085,694393
ZQK15,12/29/2014,99.825,99.845,99.825,99.835,0.005,0.01%,28798,717723
ZQK15,12/22/2014,99.82,99.835,99.82,99.83,0.005,0.01%,27697,740245
ZQK15,12/15/2014,99.835,99.87,99.82,99.825,-0.01,-0.01%,80878,739568
ZQK15,12/08/2014,99.825,99.845,99.825,99.835,0.01,0.01%,53821,718762
ZQK15,12/01/2014,99.86,99.865,99.82,99.825,-0.03,-0.03%,53017,698336
ZQK15,11/24/2014,99.85,99.86,99.85,99.855,0.005,0.01%,22872,723277
ZQK15,11/17/2014,99.855,99.865,99.845,99.85,-0.005,-0.01%,39657,717726
ZQH15,11/10/2014,99.89,99.895,99.845,99.855,-0.035,-0.04%,35691,695924
ZQH15,11/03/2014,99.895,99.9,99.885,99.89,-0.005,-0.01%,37894,669116
ZQH15,10/27/2014,99.905,99.905,99.89,99.895,-0.005,-0.01%,44774,665958
ZQG15,10/20/2014,99.905,99.905,99.895,99.9,0,0.00%,32479,636216
ZQG15,10/13/2014,99.91,99.91,99.9,99.9,-0.005,-0.01%,50474,620757
ZQG15,10/06/2014,99.905,99.915,99.9,99.905,0,0.00%,58351,599035
ZQG15,09/29/2014,99.9,99.91,99.895,99.905,0.005,0.01%,46641,574548
ZQG15,09/22/2014,99.885,99.905,99.885,99.9,0.02,0.02%,41542,588747
ZQG15,09/15/2014,99.88,99.89,99.87,99.88,0,0.00%,54712,565532
ZQF15,09/08/2014,99.895,99.895,99.875,99.88,-0.01,-0.01%,35828,527950
ZQF15,09/01/2014,99.895,99.9,99.89,99.89,0,0.00%,36097,517198
ZQF15,08/25/2014,99.89,99.895,99.885,99.89,0,0.00%,38923,537657
ZQF15,08/18/2014,99.895,99.895,99.88,99.89,-0.005,-0.01%,29500,534637
ZQF15,08/11/2014,99.885,99.895,99.88,99.895,0.015,0.02%,40706,505509
ZQF15,08/04/2014,99.875,99.885,99.87,99.88,0.005,0.01%,34973,467164
ZQN14,07/28/2014,99.9075,99.9075,99.86,99.875,-0.0325,-0.03%,44341,453539
ZQN14,07/21/2014,99.9075,99.9075,99.905,99.9075,0,0.00%,16204,452639
ZQN14,07/14/2014,99.9075,99.91,99.905,99.9075,0,0.00%,23936,445052
ZQN14,07/07/2014,99.9025,99.91,99.9025,99.9075,0.0075,0.01%,58499,426729
ZQN14,06/30/2014,99.9,99.905,99.9,99.9,0,0.00%,27235,412299
ZQN14,06/23/2014,99.9,99.905,99.895,99.9,0,0.00%,20659,421978
ZQN14,06/16/2014,99.9,99.905,99.89,99.9,-0.005,-0.01%,32632,405351
ZQN14,06/09/2014,99.905,99.91,99.9,99.905,0,0.00%,29945,379006
ZQN14,06/02/2014,99.905,99.905,99.9,99.905,0,0.00%,28836,355324
ZQN14,05/26/2014,99.905,99.905,99.9,99.905,0,0.00%,17097,363150
ZQN14,05/19/2014,99.905,99.91,99.905,99.905,0,0.00%,18188,363027
ZQN14,05/12/2014,99.91,99.91,99.905,99.905,0,0.00%,17772,344713
ZQK14,05/05/2014,99.915,99.915,99.9,99.905,-0.005,-0.01%,17792,327858
ZQJ14,04/28/2014,99.91,99.915,99.905,99.91,-0.0025,0.00%,24375,334576
ZQJ14,04/21/2014,99.915,99.915,99.91,99.9125,-0.005,-0.01%,21168,346252
ZQJ14,04/14/2014,99.92,99.92,99.915,99.9175,-0.0025,0.00%,15602,325934
ZQJ14,04/07/2014,99.9225,99.9225,99.9175,99.92,0,0.00%,26343,311935
ZQJ14,03/31/2014,99.915,99.925,99.915,99.92,0.005,0.01%,20202,294446
ZQH14,03/24/2014,99.9225,99.9225,99.915,99.915,-0.0075,-0.01%,22104,336867
ZQH14,03/17/2014,99.9225,99.9225,99.92,99.9225,0,0.00%,29110,324103
ZQH14,03/10/2014,99.9225,99.925,99.92,99.9225,-0.0025,0.00%,19350,301030
ZQH14,03/03/2014,99.9275,99.9275,99.9225,99.925,0,0.00%,19392,295585
ZQG14,02/24/2014,99.935,99.935,99.925,99.925,-0.0075,-0.01%,13722,319533
ZQG14,02/17/2014,99.9325,99.935,99.93,99.9325,0,0.00%,13769,319207
ZQG14,02/10/2014,99.9225,99.9325,99.9225,99.9325,0.0075,0.01%,16791,297161
ZQG14,02/03/2014,99.9225,99.925,99.92,99.925,0.005,0.01%,26743,278915
ZQG14,01/27/2014,99.915,99.925,99.915,99.92,0,0.00%,21427,287885
ZQF14,01/20/2014,99.9275,99.9275,99.915,99.92,-0.005,-0.01%,20543,281599
ZQF14,01/13/2014,99.9225,99.9275,99.9225,99.925,0.005,0.01%,14554,279373
ZQF14,01/06/2014,99.9125,99.9225,99.9125,99.92,0.01,0.01%,18790,277262
ZQF14,12/30/2013,99.915,99.92,99.91,99.91,0,0.00%,8802,283374
ZQF14,12/23/2013,99.91,99.915,99.91,99.91,0,0.00%,10375,306616
ZQF14,12/16/2013,99.915,99.92,99.905,99.91,-0.005,-0.01%,31643,294946
ZQF14,12/09/2013,99.915,99.92,99.91,99.915,0.005,0.01%,13537,277483
ZQZ13,12/02/2013,99.915,99.9175,99.905,99.91,-0.005,-0.01%,21352,268826
ZQX13,11/25/2013,99.915,99.92,99.91,99.915,-0.0025,0.00%,6950,280171
ZQX13,11/18/2013,99.915,99.9175,99.915,99.9175,0,0.00%,14114,288980
ZQX13,11/11/2013,99.9175,99.9175,99.915,99.9175,0,0.00%,13725,286728
ZQX13,11/04/2013,99.915,99.92,99.915,99.9175,0.0025,0.00%,15605,280587
ZQX13,10/28/2013,99.91,99.92,99.91,99.915,0,0.00%,12954,293794
ZQX13,10/21/2013,99.915,99.92,99.91,99.915,0.005,0.01%,10944,303632
ZQX13,10/14/2013,99.89,99.915,99.885,99.91,0.015,0.02%,16763,303581
ZQX13,10/07/2013,99.895,99.9,99.865,99.895,-0.005,-0.01%,28679,302827
ZQV13,09/30/2013,99.905,99.91,99.895,99.9,-0.005,-0.01%,19787,287741
ZQU13,09/23/2013,99.9175,99.92,99.9,99.905,-0.0125,-0.01%,21851,312629
ZQU13,09/16/2013,99.9175,99.92,99.9175,99.9175,0,0.00%,29378,300743
ZQU13,09/09/2013,99.9175,99.92,99.915,99.9175,0,0.00%,17044,286609
ZQU13,09/02/2013,99.92,99.92,99.9125,99.9175,0.0025,0.00%,33931,275574
ZQQ13,08/26/2013,99.9125,99.92,99.905,99.915,0.0025,0.00%,16407,297833
ZQQ13,08/19/2013,99.9125,99.915,99.91,99.9125,0.0025,0.00%,25657,296396
ZQQ13,08/12/2013,99.91,99.9125,99.9075,99.91,0.0025,0.00%,13062,282351
ZQQ13,08/05/2013,99.91,99.91,99.905,99.9075,0.0025,0.00%,6074,273772
ZQN13,07/29/2013,99.9075,99.91,99.9,99.905,0,0.00%,11885,286193
ZQN13,07/22/2013,99.905,99.9075,99.905,99.905,0.0025,0.00%,8204,308298
ZQN13,07/15/2013,99.9,99.905,99.9,99.9025,0.0025,0.00%,12469,306451
ZQN13,07/08/2013,99.9,99.9025,99.8975,99.9,0,0.00%,18305,301733
ZQN13,07/01/2013,99.8925,99.9025,99.8925,99.9,0.01,0.01%,23156,303222
ZQM13,06/24/2013,99.9025,99.905,99.885,99.89,-0.0125,-0.01%,40788,332487
ZQM13,06/17/2013,99.9075,99.9075,99.9,99.9025,-0.005,-0.01%,28294,338400
ZQM13,06/10/2013,99.905,99.91,99.9025,99.9075,0.005,0.01%,22469,325138
ZQM13,06/03/2013,99.895,99.905,99.895,99.9025,0.0075,0.01%,17301,313876
ZQK13,05/27/2013,99.89,99.9,99.885,99.895,0.0075,0.01%,36962,351403
ZQK13,05/20/2013,99.88,99.8875,99.88,99.8875,0.01,0.01%,17222,344985
ZQK13,05/13/2013,99.8725,99.88,99.87,99.8775,0.0075,0.01%,18760,334827
ZQK13,05/06/2013,99.8675,99.875,99.8675,99.87,0,0.00%,12813,325643
ZQK13,04/29/2013,99.87,99.88,99.865,99.87,0.0175,0.02%,16249,332832
ZQJ13,04/22/2013,99.85,99.855,99.85,99.8525,0,0.00%,14476,363189
ZQJ13,04/15/2013,99.8575,99.8575,99.85,99.8525,-0.005,-0.01%,8542,349459
ZQJ13,04/08/2013,99.8575,99.86,99.855,99.8575,0,0.00%,8729,342722
ZQJ13,04/01/2013,99.855,99.86,99.855,99.8575,0.0025,0.00%,13636,332659
ZQH13,03/25/2013,99.8475,99.855,99.8475,99.855,0.005,0.01%,15919,360867
ZQH13,03/18/2013,99.855,99.855,99.8475,99.85,-0.0025,0.00%,24921,355090
ZQH13,03/11/2013,99.8525,99.8575,99.85,99.8525,0,0.00%,10727,330209
ZQH13,03/04/2013,99.8525,99.8575,99.85,99.8525,-0.0025,0.00%,12631,327255
ZQH13,02/25/2013,99.855,99.86,99.85,99.855,0,0.00%,19321,333207
ZQG13,02/18/2013,99.8575,99.8575,99.8525,99.855,-0.0025,0.00%,10694,338310
ZQG13,02/11/2013,99.8625,99.8625,99.8575,99.8575,-0.005,-0.01%,11217,329551
ZQG13,02/04/2013,99.8675,99.87,99.86,99.8625,-0.0025,0.00%,18069,321137
ZQF13,01/28/2013,99.855,99.875,99.855,99.865,0.01,0.01%,27694,347013
ZQF13,01/21/2013,99.8525,99.86,99.8525,99.855,0,0.00%,24083,371488
ZQF13,01/14/2013,99.855,99.8575,99.8475,99.855,0.0025,0.00%,33513,372266
ZQF13,01/07/2013,99.8425,99.8575,99.8425,99.8525,0.0125,0.01%,15262,358678
ZQF13,12/31/2012,99.84,99.845,99.835,99.84,0.005,0.01%,25344,353912
ZQZ12,12/24/2012,99.8325,99.84,99.83,99.835,0.0025,0.00%,16128,442772
ZQZ12,12/17/2012,99.84,99.84,99.83,99.8325,-0.01,-0.01%,47122,423970
ZQZ12,12/10/2012,99.8425,99.8425,99.84,99.8425,0,0.00%,14506,349459
ZQZ12,12/03/2012,99.8425,99.845,99.84,99.8425,-0.0025,0.00%,13304,335701
ZQX12,11/26/2012,99.8375,99.845,99.8375,99.845,0.0075,0.01%,18288,379499
ZQX12,11/19/2012,99.8375,99.8375,99.835,99.8375,0,0.00%,10884,382291
ZQX12,11/12/2012,99.84,99.84,99.8325,99.8375,0,0.00%,13611,375631
ZQX12,11/05/2012,99.835,99.84,99.8325,99.8375,-0.0025,0.00%,15964,364078
ZQV12,10/29/2012,99.8425,99.8425,99.83,99.84,-0.0025,0.00%,15210,376739
ZQV12,10/22/2012,99.845,99.8475,99.83,99.8425,-0.0025,0.00%,30570,401949
ZQV12,10/15/2012,99.8475,99.85,99.8425,99.845,-0.005,-0.01%,23441,380844
ZQV12,10/08/2012,99.8475,99.8525,99.8475,99.85,0,0.00%,11182,374194
ZQV12,10/01/2012,99.86,99.86,99.8475,99.85,-0.005,-0.01%,16636,372794
ZQU12,09/24/2012,99.855,99.86,99.8475,99.855,0.0025,0.00%,16104,428228
ZQU12,09/17/2012,99.855,99.855,99.85,99.8525,-0.0025,0.00%,14308,431455
ZQU12,09/10/2012,99.855,99.865,99.8525,99.855,0,0.00%,25121,427199
ZQU12,09/03/2012,99.8675,99.8725,99.85,99.855,-0.01,-0.01%,28744,418639
ZQQ12,08/27/2012,99.8675,99.88,99.865,99.865,0,0.00%,26169,471603
ZQQ12,08/20/2012,99.865,99.865,99.8625,99.865,0.0025,0.00%,21492,461209
ZQQ12,08/13/2012,99.855,99.865,99.855,99.8625,0.0075,0.01%,16523,447124
ZQQ12,08/06/2012,99.855,99.8575,99.85,99.855,0,0.00%,23907,434278
ZQQ12,07/30/2012,99.855,99.87,99.845,99.855,0.015,0.02%,34141,461991
ZQN12,07/23/2012,99.845,99.845,99.84,99.84,0,0.00%,21408,495195
ZQN12,07/16/2012,99.8375,99.845,99.8275,99.84,0.005,0.01%,37929,485768
ZQN12,07/09/2012,99.835,99.8375,99.83,99.835,0,0.00%,29196,487958
ZQN12,07/02/2012,99.83,99.8375,99.825,99.835,0.01,0.01%,23664,486338
ZQN12,06/25/2012,99.825,99.83,99.82,99.825,0,0.00%,17097,518668
ZQN12,06/18/2012,99.84,99.845,99.815,99.825,-0.01,-0.01%,39552,520563
ZQN12,06/11/2012,99.845,99.845,99.82,99.835,-0.005,-0.01%,35668,506508
ZQN12,06/04/2012,99.845,99.845,99.84,99.84,0,0.00%,14711,495932
ZQK12,05/28/2012,99.845,99.845,99.835,99.84,-0.0025,0.00%,36412,517903
ZQK12,05/21/2012,99.8425,99.845,99.84,99.8425,0.0025,0.00%,25442,537614
ZQK12,05/14/2012,99.845,99.845,99.8375,99.84,-0.005,-0.01%,22288,528886
ZQK12,05/07/2012,99.855,99.8575,99.845,99.845,-0.0125,-0.01%,24525,506732
ZQK12,04/30/2012,99.865,99.865,99.8525,99.8575,-0.0075,-0.01%,21908,491581
ZQK12,04/23/2012,99.865,99.875,99.86,99.865,0,0.00%,29731,525411
ZQK12,04/16/2012,99.865,99.87,99.86,99.865,0.005,0.01%,25610,520665
ZQK12,04/09/2012,99.865,99.87,99.855,99.86,0,0.00%,39812,522490
ZQK12,04/02/2012,99.88,99.88,99.86,99.86,-0.015,-0.02%,26997,522716
ZQH12,03/26/2012,99.87,99.88,99.87,99.875,0.005,0.01%,28174,572835
ZQH12,03/19/2012,99.875,99.875,99.8625,99.87,-0.0075,-0.01%,28627,557672
ZQH12,03/12/2012,99.8825,99.885,99.8725,99.8775,-0.0075,-0.01%,38423,536286
ZQH12,03/05/2012,99.8925,99.8925,99.88,99.885,-0.005,-0.01%,30835,516411
ZQG12,02/27/2012,99.8975,99.8975,99.88,99.89,-0.005,-0.01%,19755,543399
ZQG12,02/20/2012,99.8925,99.8975,99.89,99.895,0.005,0.01%,30794,554910
ZQG12,02/13/2012,99.88,99.8925,99.8775,99.89,0.0075,0.01%,34186,529214
ZQG12,02/06/2012,99.89,99.895,99.875,99.8825,-0.0125,-0.01%,53679,508647
ZQG12,01/30/2012,99.91,99.915,99.885,99.895,-0.0225,-0.02%,43773,511184
ZQF12,01/23/2012,99.915,99.92,99.915,99.9175,0,0.00%,19808,532892
ZQF12,01/16/2012,99.9225,99.9225,99.915,99.9175,-0.0075,-0.01%,23068,523999
ZQF12,01/09/2012,99.9275,99.9275,99.9225,99.925,-0.0025,0.00%,16103,516241
ZQF12,01/02/2012,99.925,99.93,99.9225,99.9275,0.0075,0.01%,24632,514681
ZQF12,12/26/2011,99.925,99.925,99.915,99.92,-0.0075,-0.01%,17919,556848
ZQZ11,12/19/2011,99.925,99.93,99.925,99.9275,0.0025,0.00%,21654,568879
ZQZ11,12/12/2011,99.92,99.9275,99.92,99.925,0.005,0.01%,15639,571622
ZQZ11,12/05/2011,99.9125,99.92,99.9125,99.92,0.01,0.01%,25501,564475
ZQZ11,11/28/2011,99.9,99.915,99.9,99.91,0.005,0.01%,30166,592431
ZQZ11,11/21/2011,99.905,99.915,99.9,99.905,-0.01,-0.01%,18348,599339
ZQX11,11/14/2011,99.915,99.9175,99.9125,99.915,-0.0025,0.00%,31522,598680
ZQX11,11/07/2011,99.9175,99.92,99.915,99.9175,-0.0025,0.00%,13100,589803
ZQX11,10/31/2011,99.92,99.925,99.915,99.92,0,0.00%,26150,606249
ZQX11,10/24/2011,99.92,99.925,99.915,99.92,0,0.00%,23977,645925
ZQV11,10/17/2011,99.925,99.9275,99.92,99.92,-0.0025,0.00%,21788,628824
ZQV11,10/10/2011,99.92,99.925,99.92,99.9225,0.005,0.01%,19017,618108
ZQV11,10/03/2011,99.9125,99.9225,99.91,99.9175,0.0075,0.01%,30402,621950
ZQV11,09/26/2011,99.905,99.915,99.905,99.91,0,0.00%,27493,678241
ZQV11,09/19/2011,99.925,99.935,99.905,99.91,-0.015,-0.02%,59676,703735
ZQV11,09/12/2011,99.925,99.935,99.915,99.925,0.005,0.01%,36623,708381
ZQV11,09/05/2011,99.915,99.93,99.91,99.92,0.005,0.01%,33945,711333
ZQQ11,08/29/2011,99.905,99.92,99.9025,99.915,0.0125,0.01%,44998,763429
ZQQ11,08/22/2011,99.9025,99.905,99.9,99.9025,0,0.00%,36694,808579
ZQQ11,08/15/2011,99.895,99.905,99.89,99.9025,0.0075,0.01%,45392,825586
ZQQ11,08/08/2011,99.915,99.9225,99.8925,99.895,-0.0225,-0.02%,93724,828785
ZQQ11,08/01/2011,99.89,99.92,99.86,99.9175,0.0275,0.03%,121643,841208
ZQQ11,07/25/2011,99.915,99.92,99.885,99.89,-0.02,-0.02%,79998,869225
ZQN11,07/18/2011,99.9275,99.9325,99.905,99.91,-0.0175,-0.02%,70536,824291
ZQN11,07/11/2011,99.9175,99.9325,99.9175,99.9275,0.01,0.01%,86270,782471
ZQN11,07/04/2011,99.9075,99.92,99.905,99.9175,0.0125,0.01%,53584,727965
ZQN11,06/27/2011,99.9,99.91,99.895,99.905,0.005,0.01%,60757,750919
ZQN11,06/20/2011,99.89,99.905,99.885,99.9,0.01,0.01%,70264,768185
ZQN11,06/13/2011,99.9,99.9,99.88,99.89,-0.005,-0.01%,58412,740618
ZQN11,06/06/2011,99.895,99.9,99.89,99.895,0,0.00%,41862,710133
ZQN11,05/30/2011,99.9,99.9,99.89,99.895,-0.0125,-0.01%,62937,705191
ZQK11,05/23/2011,99.91,99.91,99.905,99.9075,0,0.00%,62051,722032
ZQK11,05/16/2011,99.9075,99.91,99.905,99.9075,0,0.00%,46061,702397
ZQK11,05/09/2011,99.905,99.91,99.905,99.9075,0.0025,0.00%,48369,687713
ZQK11,05/02/2011,99.8975,99.9075,99.8975,99.905,0.01,0.01%,58578,655930
ZQJ11,04/25/2011,99.9,99.9,99.89,99.895,-0.005,-0.01%,41941,688497
ZQJ11,04/18/2011,99.8975,99.9025,99.8975,99.9,0,0.00%,37197,682415
ZQJ11,04/11/2011,99.8975,99.905,99.8925,99.9,0.005,0.01%,56070,659539
ZQJ11,04/04/2011,99.885,99.8975,99.8825,99.895,0.015,0.02%,65070,644854
ZQJ11,03/28/2011,99.87,99.89,99.865,99.88,0.015,0.02%,90409,673203
ZQH11,03/21/2011,99.855,99.87,99.855,99.865,0.0075,0.01%,51430,665072
ZQH11,03/14/2011,99.8575,99.8625,99.8525,99.8575,0,0.00%,73166,640481
ZQH11,03/07/2011,99.855,99.86,99.85,99.8575,0.0075,0.01%,42243,589342
ZQH11,02/28/2011,99.85,99.855,99.845,99.85,0.0075,0.01%,65595,579797
ZQG11,02/21/2011,99.8425,99.845,99.84,99.8425,0.0025,0.00%,58180,616615
ZQG11,02/14/2011,99.8375,99.8425,99.835,99.84,0.005,0.01%,38159,603528
ZQG11,02/07/2011,99.8325,99.8375,99.83,99.835,0,0.00%,60589,578849
ZQG11,01/31/2011,99.835,99.84,99.805,99.835,0,0.00%,55368,565697
ZQF11,01/24/2011,99.83,99.84,99.8275,99.835,0.005,0.01%,45260,590414
ZQF11,01/17/2011,99.83,99.8325,99.8275,99.83,0,0.00%,42366,569609
ZQF11,01/10/2011,99.8225,99.8325,99.8225,99.83,0.0075,0.01%,42931,551792
ZQF11,01/03/2011,99.82,99.825,99.8175,99.8225,0.0025,0.00%,62404,518578
ZQZ10,12/27/2010,99.82,99.825,99.815,99.82,0,0.00%,24141,560491
ZQZ10,12/20/2010,99.8225,99.8225,99.8175,99.82,-0.0025,0.00%,15571,574480
ZQZ10,12/13/2010,99.825,99.8275,99.82,99.8225,-0.0025,0.00%,43734,565699
ZQZ10,12/06/2010,99.815,99.8275,99.8125,99.825,0.015,0.02%,62367,544482
ZQZ10,11/29/2010,99.81,99.815,99.8,99.81,0,0.00%,49487,574282
ZQX10,11/22/2010,99.805,99.815,99.805,99.81,0.0025,0.00%,44272,602026
ZQX10,11/15/2010,99.8125,99.815,99.805,99.8075,-0.005,-0.01%,35420,583333
ZQX10,11/08/2010,99.8075,99.815,99.8075,99.8125,0.005,0.01%,62033,584693
ZQX10,11/01/2010,99.82,99.82,99.805,99.8075,-0.0075,-0.01%,38651,563920
ZQX10,10/25/2010,99.82,99.825,99.81,99.815,-0.005,-0.01%,32092,602570
ZQX10,10/18/2010,99.82,99.825,99.815,99.82,-0.005,-0.01%,24105,608373
ZQX10,10/11/2010,99.825,99.835,99.82,99.825,0,0.00%,25744,598229
ZQX10,10/04/2010,99.81,99.83,99.81,99.825,0.01,0.01%,27983,587062
ZQX10,09/27/2010,99.81,99.82,99.805,99.815,0.005,0.01%,39028,612521
ZQX10,09/20/2010,99.81,99.815,99.805,99.81,0,0.00%,26609,599296
ZQX10,09/13/2010,99.8,99.82,99.8,99.81,0.005,0.01%,37291,585799
ZQX10,09/06/2010,99.815,99.82,99.8,99.805,-0.01,-0.01%,33084,567129
ZQX10,08/30/2010,99.82,99.82,99.81,99.815,-0.005,-0.01%,29306,588866
ZQX10,08/23/2010,99.83,99.835,99.815,99.82,-0.01,-0.01%,40845,610472
ZQX10,08/16/2010,99.835,99.835,99.82,99.83,0,0.00%,27133,595873
ZQX10,08/09/2010,99.83,99.835,99.825,99.83,0.005,0.01%,41023,593305
ZQX10,08/02/2010,99.81,99.835,99.805,99.825,0.02,0.02%,42796,590517
ZQX10,07/26/2010,99.81,99.815,99.805,99.805,-0.005,-0.01%,42121,624095
ZQX10,07/19/2010,99.8,99.815,99.79,99.81,0.015,0.02%,38332,622896
ZQX10,07/12/2010,99.79,99.8,99.785,99.795,0.01,0.01%,27038,609301
ZQX10,07/05/2010,99.79,99.79,99.775,99.785,0.005,0.01%,27849,597583
ZQQ10,06/28/2010,99.8,99.805,99.765,99.78,-0.015,-0.02%,37327,629126
ZQQ10,06/21/2010,99.78,99.8,99.78,99.795,0.015,0.02%,31600,659304
ZQQ10,06/14/2010,99.78,99.79,99.77,99.78,0,0.00%,41675,655311
ZQQ10,06/07/2010,99.77,99.79,99.765,99.78,0.015,0.02%,44200,635242
ZQQ10,05/31/2010,99.765,99.775,99.755,99.765,0.005,0.01%,55423,619847
ZQQ10,05/24/2010,99.76,99.775,99.755,99.76,0,0.00%,61937,665117
ZQQ10,05/17/2010,99.76,99.765,99.75,99.76,0,0.00%,65379,658982
ZQQ10,05/10/2010,99.715,99.765,99.715,99.76,0.03,0.03%,73049,625242
ZQM10,05/03/2010,99.77,99.78,99.715,99.73,-0.04,-0.04%,133858,637915
ZQM10,04/26/2010,99.77,99.78,99.76,99.77,0,0.00%,79887,677547
ZQM10,04/19/2010,99.78,99.78,99.765,99.77,-0.01,-0.01%,58637,687341
ZQM10,04/12/2010,99.775,99.785,99.77,99.78,0,0.00%,64399,669306
ZQM10,04/05/2010,99.78,99.79,99.77,99.78,0,0.00%,61080,650677
ZQM10,03/29/2010,99.78,99.795,99.775,99.78,-0.005,-0.01%,44751,668624
ZQM10,03/22/2010,99.775,99.79,99.775,99.785,0.01,0.01%,42346,685055
ZQM10,03/15/2010,99.78,99.79,99.765,99.775,-0.045,-0.05%,86077,677499
ZQJ10,03/08/2010,99.825,99.835,99.81,99.82,0,0.00%,76448,640997
ZQJ10,03/01/2010,99.84,99.85,99.815,99.82,-0.02,-0.02%,98581,623339
ZQG10,02/22/2010,99.8725,99.875,99.835,99.84,-0.0325,-0.03%,81441,639854
ZQG10,02/15/2010,99.87,99.875,99.865,99.8725,0.0025,0.00%,73040,603155
ZQG10,02/08/2010,99.865,99.8725,99.86,99.87,0.005,0.01%,62435,561343
ZQG10,02/01/2010,99.8675,99.87,99.8625,99.865,0,0.00%,62369,539200
ZQG10,01/25/2010,99.865,99.87,99.86,99.865,0,0.00%,60637,565913
ZQG10,01/18/2010,99.87,99.875,99.86,99.865,-0.005,-0.01%,62998,565907
ZQG10,01/11/2010,99.865,99.875,99.86,99.87,0.005,0.01%,44695,536006
ZQG10,01/04/2010,99.84,99.87,99.84,99.865,0.025,0.03%,67742,500806
ZQG10,12/28/2009,99.835,99.845,99.805,99.84,0.005,0.01%,36875,533149
ZQG10,12/21/2009,99.835,99.845,99.825,99.835,0.005,0.01%,26071,536447
ZQG10,12/14/2009,99.82,99.835,99.8,99.83,0.005,0.01%,58585,536531
ZQZ09,12/07/2009,99.87,99.875,99.82,99.825,-0.045,-0.05%,38222,504095
ZQZ09,11/30/2009,99.88,99.88,99.86,99.87,-0.005,-0.01%,53048,492462
ZQZ09,11/23/2009,99.88,99.88,99.87,99.875,-0.005,-0.01%,35862,546660
ZQX09,11/16/2009,99.8725,99.885,99.87,99.88,0.01,0.01%,45297,541344
ZQX09,11/09/2009,99.865,99.8725,99.865,99.87,0.005,0.01%,27588,521990
ZQX09,11/02/2009,99.8625,99.87,99.86,99.865,0.005,0.01%,61195,504620
ZQX09,10/26/2009,99.85,99.87,99.845,99.86,0.01,0.01%,59463,509628
ZQX09,10/19/2009,99.835,99.855,99.835,99.85,0.005,0.01%,50877,485392
ZQX09,10/12/2009,99.845,99.855,99.835,99.845,0,0.00%,46002,453972
ZQX09,10/05/2009,99.84,99.85,99.835,99.845,0.005,0.01%,34269,445163
ZQX09,09/28/2009,99.83,99.855,99.825,99.84,0.015,0.02%,62413,445410
ZQX09,09/21/2009,99.815,99.83,99.81,99.825,0.015,0.02%,40290,444725
ZQX09,09/14/2009,99.825,99.825,99.805,99.81,-0.015,-0.02%,48884,415026
ZQX09,09/07/2009,99.825,99.835,99.82,99.825,0.005,0.01%,27104,389438
ZQX09,08/31/2009,99.82,99.83,99.805,99.82,0.005,0.01%,36342,370647
ZQX09,08/24/2009,99.795,99.825,99.795,99.815,-0.0175,-0.02%,27086,400687
ZQQ09,08/17/2009,99.8375,99.8425,99.83,99.8325,-0.005,-0.01%,34576,389050
ZQQ09,08/10/2009,99.825,99.84,99.825,99.8375,0.015,0.02%,47105,372064
ZQQ09,08/03/2009,99.815,99.825,99.81,99.8225,0.0075,0.01%,41273,347050
ZQN09,07/27/2009,99.8425,99.845,99.805,99.815,-0.025,-0.03%,34412,377743
ZQN09,07/20/2009,99.84,99.8425,99.835,99.84,0.005,0.01%,33603,383604
ZQN09,07/13/2009,99.825,99.8375,99.825,99.835,0.0125,0.01%,24433,379518
ZQN09,07/06/2009,99.805,99.825,99.805,99.8225,0.0275,0.03%,25947,376558
ZQN09,06/29/2009,99.795,99.805,99.79,99.795,0,0.00%,37811,391200
ZQN09,06/22/2009,99.775,99.8,99.77,99.795,0.015,0.02%,44754,429592
ZQM09,06/15/2009,99.81,99.81,99.775,99.78,-0.0275,-0.03%,51039,408885
ZQM09,06/08/2009,99.7875,99.8125,99.7775,99.8075,0.0175,0.02%,55140,394162
ZQM09,06/01/2009,99.815,99.82,99.785,99.79,-0.025,-0.03%,62543,377725
ZQK09,05/25/2009,99.815,99.82,99.81,99.815,-0.0025,0.00%,44598,423550
ZQK09,05/18/2009,99.815,99.82,99.8125,99.8175,0.0025,0.00%,31750,424404
ZQK09,05/11/2009,99.81,99.82,99.81,99.815,0.01,0.01%,30303,408722
ZQK09,05/04/2009,99.7875,99.81,99.7825,99.805,0.015,0.02%,42057,390359
ZQJ09,04/27/2009,99.8475,99.8525,99.785,99.79,-0.055,-0.06%,46708,424212
ZQJ09,04/20/2009,99.8425,99.85,99.8425,99.845,0.0075,0.01%,31189,442830
ZQJ09,04/13/2009,99.835,99.8425,99.83,99.8375,0.005,0.01%,40516,413486
ZQJ09,04/06/2009,99.815,99.8375,99.815,99.8325,0.0225,0.02%,30612,402987
ZQJ09,03/30/2009,99.78,99.82,99.78,99.81,0.035,0.04%,41178,398787
ZQJ09,03/23/2009,99.79,99.79,99.755,99.775,-0.005,-0.01%,45859,414730
ZQJ09,03/16/2009,99.77,99.79,99.765,99.78,0.01,0.01%,35718,392775
ZQJ09,03/09/2009,99.745,99.775,99.74,99.77,0.015,0.02%,34587,377895
ZQJ09,03/02/2009,99.755,99.765,99.745,99.755,0,0.00%,29772,354793
ZQG09,02/23/2009,99.78,99.785,99.745,99.755,-0.0225,-0.02%,31049,403481
ZQG09,02/16/2009,99.765,99.7825,99.7575,99.7775,0.0125,0.01%,40790,394608
ZQG09,02/09/2009,99.76,99.77,99.7525,99.765,0.005,0.01%,30430,373413
ZQG09,02/02/2009,99.77,99.7775,99.755,99.76,-0.005,-0.01%,36829,347891
ZQF09,01/26/2009,99.84,99.8475,99.75,99.765,-0.0675,-0.07%,52455,390787
ZQF09,01/19/2009,99.85,99.8525,99.8275,99.8325,-0.0225,-0.02%,51339,383749
ZQF09,01/12/2009,99.875,99.8825,99.845,99.855,-0.015,-0.02%,42149,369746
ZQF09,01/05/2009,99.87,99.875,99.835,99.87,0.04,0.04%,44771,365309
ZQZ08,12/29/2008,99.8375,99.855,99.785,99.83,-0.005,-0.01%,20160,408596
ZQZ08,12/22/2008,99.825,99.8375,99.82,99.835,0.0075,0.01%,12030,432383
ZQZ08,12/15/2008,99.79,99.85,99.7625,99.8275,0.0325,0.03%,49559,409945
ZQZ08,12/08/2008,99.78,99.825,99.735,99.795,0.0675,0.07%,30140,399469
ZQZ08,12/01/2008,99.59,99.735,99.5675,99.7275,0.1275,0.13%,43094,393276
ZQX08,11/24/2008,99.56,99.635,99.5375,99.6,0.015,0.02%,27786,459058
ZQX08,11/17/2008,99.63,99.6475,99.53,99.585,-0.035,-0.04%,43641,474155
ZQX08,11/10/2008,99.575,99.68,99.57,99.62,0.05,0.05%,26263,473338
ZQX08,11/03/2008,99.3675,99.61,99.3675,99.57,0.24,0.24%,60957,477220
ZQX08,10/27/2008,99.1,99.465,99.07,99.33,0.265,0.27%,89139,578408
ZQX08,10/20/2008,98.86,99.115,98.82,99.065,0.22,0.22%,81043,587929
ZQX08,10/13/2008,98.82,98.905,98.67,98.845,0.025,0.03%,83465,567734
ZQX08,10/06/2008,98.575,98.88,98.465,98.82,0.28,0.28%,104114,536866
ZQX08,09/29/2008,98.255,98.585,98.21,98.54,0.21,0.21%,122578,546123
ZQX08,09/22/2008,98.08,98.345,98.075,98.33,0.25,0.25%,111892,590103
ZQV08,09/15/2008,98.13,98.415,98.015,98.08,0.05,0.05%,228531,596622
ZQV08,09/08/2008,97.985,98.05,97.985,98.03,0.035,0.04%,117629,577939
ZQV08,09/01/2008,97.98,98.01,97.97,97.995,0.02,0.02%,60186,511487
ZQV08,08/25/2008,97.975,97.985,97.97,97.975,0,0.00%,30907,581450
ZQV08,08/18/2008,97.965,97.985,97.96,97.975,0.01,0.01%,54272,594782
ZQV08,08/11/2008,97.955,97.97,97.94,97.965,0.01,0.01%,49905,580182
ZQQ08,08/04/2008,97.985,97.985,97.895,97.955,-0.03,-0.03%,44053,574009
ZQQ08,07/28/2008,97.985,97.995,97.98,97.985,0,0.00%,39238,609416
ZQQ08,07/21/2008,97.98,97.995,97.975,97.985,0,0.00%,44611,638924
ZQQ08,07/14/2008,97.975,98,97.975,97.985,0.01,0.01%,49157,630823
ZQQ08,07/07/2008,97.97,97.985,97.955,97.975,0.015,0.02%,68223,641551
ZQQ08,06/30/2008,97.95,97.97,97.93,97.96,0.015,0.02%,54119,648058
ZQQ08,06/23/2008,97.9,97.955,97.86,97.945,0.035,0.04%,97644,756741
ZQQ08,06/16/2008,97.825,97.915,97.8,97.91,0.085,0.09%,92829,743766
ZQQ08,06/09/2008,97.98,97.985,97.76,97.825,-0.155,-0.16%,152836,641459
ZQQ08,06/02/2008,97.98,98.02,97.955,97.98,0,0.00%,86126,598871
ZQK08,05/26/2008,98.02,98.03,97.955,97.98,-0.045,-0.05%,93202,709800
ZQK08,05/19/2008,98.03,98.035,98.02,98.025,0.005,0.01%,65517,727833
ZQK08,05/12/2008,98.015,98.025,98.01,98.02,0.01,0.01%,85928,700480
ZQK08,05/05/2008,98.005,98.02,98,98.01,0.005,0.01%,68597,637944
ZQK08,04/28/2008,97.94,98.015,97.925,98.005,0.06,0.06%,135367,641404
ZQK08,04/21/2008,98,98.005,97.92,97.945,-0.05,-0.05%,113690,606239
ZQK08,04/14/2008,98.115,98.13,97.955,97.995,-0.12,-0.12%,116333,447257
ZQK08,04/07/2008,98.14,98.14,98.07,98.115,0.025,0.03%,62362,389983
ZQK08,03/31/2008,98.11,98.155,98.02,98.09,-0.03,-0.03%,68348,318346
ZQK08,03/24/2008,98.1,98.15,98.035,98.12,-0.02,-0.02%,42819,330896
ZQJ08,03/17/2008,97.93,98.24,97.83,98.14,0.26,0.27%,99860,338941
ZQJ08,03/10/2008,97.74,97.91,97.645,97.88,0.115,0.12%,82661,304851
ZQJ08,03/03/2008,97.62,97.84,97.61,97.765,0.095,0.10%,68903,271777
ZQG08,02/25/2008,97.02,97.685,97.015,97.67,0.65,0.67%,64689,343154
ZQG08,02/18/2008,97.035,97.04,97.015,97.02,-0.02,-0.02%,53266,348915
ZQG08,02/11/2008,97.075,97.08,97.03,97.04,-0.045,-0.05%,32698,348871
ZQG08,02/04/2008,97.045,97.155,97.035,97.085,0.035,0.04%,47259,329321
ZQG08,01/28/2008,96.965,97.075,96.9,97.05,0.125,0.13%,96728,389318
ZQG08,01/21/2008,96.555,97.165,96.55,96.925,0.495,0.51%,130631,413636
ZQG08,01/14/2008,96.35,96.445,96.305,96.43,0.08,0.08%,112177,393862
ZQF08,01/07/2008,95.86,96.36,95.855,96.35,0.495,0.52%,106589,356078
ZQF08,12/31/2007,95.835,95.86,95.825,95.855,0.025,0.03%,53837,337764
ZQF08,12/24/2007,95.81,95.84,95.81,95.83,0,0.00%,14868,451972
ZQF08,12/17/2007,95.81,95.865,95.805,95.83,0.015,0.02%,53987,441514
ZQF08,12/10/2007,95.81,95.85,95.775,95.815,0,0.00%,89610,418637
ZQZ07,12/03/2007,95.785,95.885,95.77,95.815,0.035,0.04%,89395,390686
ZQX07,11/26/2007,95.525,95.795,95.525,95.78,0.245,0.26%,93744,458901
ZQX07,11/19/2007,95.56,95.57,95.53,95.535,-0.03,-0.03%,66267,441462
ZQX07,11/12/2007,95.575,95.575,95.54,95.565,-0.01,-0.01%,74285,406351
ZQX07,11/05/2007,95.535,95.585,95.53,95.575,0.05,0.05%,79149,374807
ZQX07,10/29/2007,95.52,95.54,95.45,95.525,0.005,0.01%,132801,395320
ZQX07,10/22/2007,95.49,95.56,95.435,95.52,0.04,0.04%,95230,404218
ZQX07,10/15/2007,95.325,95.495,95.305,95.48,0.15,0.16%,82468,400017
ZQX07,10/08/2007,95.355,95.375,95.32,95.33,-0.04,-0.04%,80171,391327
ZQX07,10/01/2007,95.455,95.455,95.35,95.37,-0.09,-0.09%,65073,331279
ZQX07,09/24/2007,95.415,95.49,95.41,95.46,0.03,0.03%,48648,376068
ZQU07,09/17/2007,95.025,95.45,94.98,95.43,0.4,0.42%,78082,406724
ZQU07,09/10/2007,95.07,95.125,95.01,95.03,-0.03,-0.03%,61263,430913
ZQU07,09/03/2007,95.015,95.08,94.995,95.06,0.055,0.06%,57062,437828
ZQU07,08/27/2007,95.04,95.06,94.955,95.005,-0.05,-0.05%,51218,497575
ZQU07,08/20/2007,95.05,95.17,95.015,95.055,-0.01,-0.01%,60023,516553
ZQU07,08/13/2007,94.92,95.145,94.865,95.065,0.27,0.28%,167456,549826
ZQQ07,08/06/2007,94.785,94.85,94.75,94.795,0.02,0.02%,191010,525413
ZQQ07,07/30/2007,94.78,94.8,94.755,94.775,0,0.00%,101023,476290
ZQQ07,07/23/2007,94.76,94.79,94.755,94.775,0.015,0.02%,82482,516833
ZQQ07,07/16/2007,94.76,94.765,94.755,94.76,0.005,0.01%,35836,468832
ZQN07,07/09/2007,94.75,94.76,94.75,94.755,0,0.00%,28840,455395
ZQN07,07/02/2007,94.755,94.755,94.75,94.755,0,0.00%,24231,436148
ZQM07,06/25/2007,94.745,94.755,94.745,94.755,0.005,0.01%,44326,510621
ZQM07,06/18/2007,94.745,94.75,94.745,94.75,0,0.00%,32240,497028
ZQM07,06/11/2007,94.745,94.75,94.745,94.75,0,0.00%,40292,470046
ZQM07,06/04/2007,94.75,94.755,94.745,94.75,0,0.00%,55834,448740
ZQM07,05/28/2007,94.745,94.75,94.745,94.75,0,0.00%,42183,528552
ZQM07,05/21/2007,94.75,94.75,94.745,94.75,0,0.00%,35369,583542
ZQM07,05/14/2007,94.75,94.75,94.745,94.75,0,0.00%,28562,576331
ZQM07,05/07/2007,94.75,94.755,94.745,94.75,-0.005,-0.01%,39109,538762
ZQM07,04/30/2007,94.755,94.755,94.75,94.755,0,0.00%,38672,503514
ZQJ07,04/23/2007,94.75,94.76,94.745,94.755,0.005,0.01%,37425,622181
ZQJ07,04/16/2007,94.745,94.75,94.74,94.75,0,0.00%,40167,603682
ZQJ07,04/09/2007,94.745,94.75,94.745,94.75,0,0.00%,37331,615194
ZQJ07,04/02/2007,94.745,94.755,94.745,94.75,0,0.00%,33663,610467
ZQJ07,03/26/2007,94.75,94.755,94.745,94.75,-0.005,-0.01%,60270,684049
ZQJ07,03/19/2007,94.755,94.755,94.75,94.755,0,0.00%,74008,672814
ZQJ07,03/12/2007,94.75,94.765,94.75,94.755,0,0.00%,84939,599683
ZQJ07,03/05/2007,94.775,94.785,94.75,94.755,-0.015,-0.02%,102968,532268
ZQJ07,02/26/2007,94.755,94.82,94.75,94.77,0.02,0.02%,119982,494963
ZQG07,02/19/2007,94.75,94.755,94.745,94.75,-0.005,-0.01%,41084,467235
ZQG07,02/12/2007,94.755,94.755,94.75,94.755,0,0.00%,40658,431780
ZQG07,02/05/2007,94.75,94.755,94.75,94.755,0,0.00%,12337,390516
ZQG07,01/29/2007,94.755,94.755,94.75,94.755,0,0.00%,39157,413215
ZQG07,01/22/2007,94.76,94.76,94.75,94.755,-0.005,-0.01%,36112,435371
ZQG07,01/15/2007,94.755,94.76,94.755,94.76,0,0.00%,38354,400269
ZQG07,01/08/2007,94.755,94.76,94.755,94.76,0,0.00%,32119,359891
ZQG07,01/01/2007,94.755,94.765,94.755,94.76,0,0.00%,36584,332436
ZQG07,12/25/2006,94.76,94.765,94.755,94.76,0,0.00%,18794,387339
ZQG07,12/18/2006,94.755,94.765,94.755,94.76,0,0.00%,23456,402891
ZQG07,12/11/2006,94.765,94.77,94.755,94.76,-0.01,-0.01%,57763,380305
ZQG07,12/04/2006,94.81,94.82,94.765,94.77,-0.04,-0.04%,59952,362290
ZQZ06,11/27/2006,94.76,94.845,94.76,94.81,0.05,0.05%,64783,364878
ZQX06,11/20/2006,94.76,94.765,94.755,94.76,0.005,0.01%,22322,380173
ZQX06,11/13/2006,94.755,94.76,94.755,94.755,0,0.00%,36686,387219
ZQX06,11/06/2006,94.75,94.76,94.75,94.755,0,0.00%,23711,386753
ZQX06,10/30/2006,94.755,94.755,94.75,94.755,0,0.00%,55065,401508
ZQX06,10/23/2006,94.755,94.755,94.745,94.755,0,0.00%,45091,481787
ZQX06,10/16/2006,94.75,94.755,94.75,94.755,0,0.00%,32009,476986
ZQX06,10/09/2006,94.75,94.755,94.75,94.755,0,0.00%,41909,483236
ZQX06,10/02/2006,94.75,94.755,94.75,94.755,0,0.00%,42188,481810
ZQX06,09/25/2006,94.76,94.76,94.75,94.755,0,0.00%,65587,547483
ZQX06,09/18/2006,94.725,94.765,94.715,94.755,0.035,0.04%,127276,578981
ZQV06,09/11/2006,94.735,94.745,94.705,94.72,-0.015,-0.02%,43872,543455
ZQV06,09/04/2006,94.735,94.74,94.73,94.735,0,0.00%,54358,504019
ZQQ06,08/28/2006,94.755,94.755,94.72,94.735,-0.02,-0.02%,77380,529367
ZQQ06,08/21/2006,94.75,94.755,94.75,94.755,0,0.00%,44530,531988
ZQQ06,08/14/2006,94.745,94.755,94.745,94.755,0.01,0.01%,90467,513172
ZQQ06,08/07/2006,94.715,94.75,94.705,94.745,0.035,0.04%,140421,515398
ZQQ06,07/31/2006,94.705,94.725,94.66,94.71,0.02,0.02%,107921,500261
ZQQ06,07/24/2006,94.675,94.705,94.64,94.69,-0.075,-0.08%,77492,558577
ZQN06,07/17/2006,94.765,94.77,94.76,94.765,0,0.00%,120191,533897
ZQN06,07/10/2006,94.76,94.765,94.76,94.765,0.005,0.01%,59529,506641
ZQN06,07/03/2006,94.76,94.77,94.75,94.76,0.02,0.02%,77329,468249
ZQN06,06/26/2006,94.715,94.745,94.71,94.74,0.02,0.02%,109796,549145
ZQN06,06/19/2006,94.73,94.735,94.715,94.72,-0.01,-0.01%,82088,542121
ZQN06,06/12/2006,94.795,94.795,94.725,94.73,-0.065,-0.07%,110463,500277
ZQN06,06/05/2006,94.875,94.885,94.785,94.795,-0.085,-0.09%,93126,451093
ZQN06,05/29/2006,94.86,94.9,94.8,94.88,0.02,0.02%,81005,418259
ZQN06,05/22/2006,94.845,94.88,94.835,94.86,0.015,0.02%,43424,468379
ZQK06,05/15/2006,95.045,95.05,94.835,94.845,-0.2,-0.21%,72817,431603
ZQK06,05/08/2006,95.035,95.055,95.035,95.045,0.01,0.01%,50347,416889
ZQK06,05/01/2006,95.045,95.045,95.03,95.035,-0.01,-0.01%,58892,434543
ZQK06,04/24/2006,95.05,95.055,95.035,95.045,-0.005,-0.01%,93502,539046
ZQK06,04/17/2006,95.055,95.065,95.045,95.05,-0.17,-0.18%,60794,547190
ZQJ06,04/10/2006,95.22,95.225,95.215,95.22,-0.005,-0.01%,38141,540174
ZQJ06,04/03/2006,95.23,95.23,95.215,95.225,-0.01,-0.01%,82938,515201
ZQJ06,03/27/2006,95.24,95.24,95.23,95.235,-0.005,-0.01%,78996,595710
ZQJ06,03/20/2006,95.24,95.245,95.235,95.24,0,0.00%,63677,612631
ZQJ06,03/13/2006,95.24,95.245,95.235,95.24,0,0.00%,88072,555873
ZQJ06,03/06/2006,95.25,95.25,95.235,95.24,-0.01,-0.01%,55107,465791
ZQJ06,02/27/2006,95.25,95.255,95.245,95.25,-0.005,-0.01%,49688,459251
ZQG06,02/20/2006,95.5,95.505,95.25,95.255,-0.245,-0.26%,40495,530581
ZQG06,02/13/2006,95.495,95.505,95.495,95.5,0,0.00%,53982,515002
ZQG06,02/06/2006,95.5,95.5,95.495,95.5,0,0.00%,42039,483791
ZQG06,01/30/2006,95.5,95.505,95.495,95.5,-0.005,-0.01%,77381,494436
ZQG06,01/23/2006,95.515,95.515,95.5,95.505,-0.005,-0.01%,77089,587184
ZQG06,01/16/2006,95.51,95.515,95.505,95.51,0,0.00%,42814,565938
ZQG06,01/09/2006,95.515,95.52,95.505,95.51,-0.005,-0.01%,46919,516927
ZQG06,01/02/2006,95.525,95.58,95.51,95.515,-0.015,-0.02%,80424,433732
Downloaded from Barchart.com as of 03-09-2023 09:12pm CST,,,,,,,,,
